country,coverage,year,flights
AUT,INTL,2021,111105
BEL,INTL,2021,121367
BGR,INTL,2021,41122
CHE,INTL,2021,174625
CYP,INTL,2021,40649
CZE,INTL,2021,46921
DEU,INTL,2021,621069
DNK,INTL,2021,97638
EST,INTL,2021,13995
GRC,INTL,2021,224279
ESP,INTL,2021,546211
FIN,INTL,2021,46703
FRA,INTL,2021,414152
HRV,INTL,2021,42614
HUN,INTL,2021,38649
IRL,INTL,2021,80730
ISL,INTL,2021,17738
ITA,INTL,2021,385536
LTU,INTL,2021,25514
LUX,INTL,2021,25757
LVA,INTL,2021,28675
MNE,INTL,2021,12218
MKD,INTL,2021,11137
MLT,INTL,2021,25775
NLD,INTL,2021,271237
NOR,INTL,2021,58544
POL,INTL,2021,162818
PRT,INTL,2021,172095
ROU,INTL,2021,86602
RS,INTL,2021,
SWE,INTL,2021,85322
SVN,INTL,2021,5234
SVK,INTL,2021,18245
TUR,INTL,2021,397833
GBR,INTL,2021,
AUT,"NAT",2021,2528
BEL,"NAT",2021,194
BGR,"NAT",2021,2223
CHE,"NAT",2021,2200
CYP,"NAT",2021,38
CZE,"NAT",2021,754
DEU,"NAT",2021,71182
DNK,"NAT",2021,23485
EST,"NAT",2021,2489
GRC,"NAT",2021,93133
ESP,"NAT",2021,264181
FIN,"NAT",2021,16992
FRA,"NAT",2021,195484
HRV,"NAT",2021,7166
HUN,"NAT",2021,42
IRL,"NAT",2021,2486
ISL,"NAT",2021,12770
ITA,"NAT",2021,182467
LTU,"NAT",2021,9
LUX,"NAT",2021,14
LVA,"NAT",2021,2
MNE,"NAT",2021,1
MKD,"NAT",2021,0
MLT,"NAT",2021,1
NLD,"NAT",2021,96
NOR,"NAT",2021,174714
POL,"NAT",2021,14214
PRT,"NAT",2021,42587
ROU,"NAT",2021,9965
RS,"NAT",2021,
SWE,"NAT",2021,39995
SVN,"NAT",2021,0
SVK,"NAT",2021,235
TUR,"NAT",2021,240490
GBR,"NAT",2021,
AUT,TOTAL,2021,113633
BEL,TOTAL,2021,121561
BGR,TOTAL,2021,43345
CHE,TOTAL,2021,176825
CYP,TOTAL,2021,40687
CZE,TOTAL,2021,47675
DEU,TOTAL,2021,692251
DNK,TOTAL,2021,121123
EST,TOTAL,2021,16484
GRC,TOTAL,2021,317412
ESP,TOTAL,2021,810392
FIN,TOTAL,2021,63695
FRA,TOTAL,2021,609636
HRV,TOTAL,2021,49780
HUN,TOTAL,2021,38691
IRL,TOTAL,2021,83216
ISL,TOTAL,2021,30508
ITA,TOTAL,2021,568003
LTU,TOTAL,2021,25523
LUX,TOTAL,2021,25771
LVA,TOTAL,2021,28677
MNE,TOTAL,2021,12219
MKD,TOTAL,2021,11137
MLT,TOTAL,2021,25776
NLD,TOTAL,2021,271333
NOR,TOTAL,2021,233258
POL,TOTAL,2021,177032
PRT,TOTAL,2021,214682
ROU,TOTAL,2021,96567
RS,TOTAL,2021,
SWE,TOTAL,2021,125317
SVN,TOTAL,2021,5234
SVK,TOTAL,2021,18480
TUR,TOTAL,2021,638323
GBR,TOTAL,2021,
AUT,INTL,2020,99165
BEL,INTL,2020,98889
BGR,INTL,2020,31438
CHE,INTL,2020,150663
CYP,INTL,2020,24053
CZE,INTL,2020,40877
DEU,INTL,2020,510636
DNK,INTL,2020,87977
EST,INTL,2020,12169
GRC,INTL,2020,123242
ESP,INTL,2020,363634
FIN,INTL,2020,50245
FRA,INTL,2020,326021
HRV,INTL,2020,23785
HUN,INTL,2020,36628
IRL,INTL,2020,84718
ISL,INTL,2020,11033
ITA,INTL,2020,292957
LTU,INTL,2020,20955
LUX,INTL,2020,21943
LVA,INTL,2020,26052
MNE,INTL,2020,6685
MKD,INTL,2020,6997
MLT,INTL,2020,18866
NLD,INTL,2020,227679
NOR,INTL,2020,62086
POL,INTL,2020,130890
PRT,INTL,2020,131216
ROU,INTL,2020,56548
RS,INTL,2020,26183
SWE,INTL,2020,77443
SVN,INTL,2020,3956
SVK,INTL,2020,14017
TUR,INTL,2020,221030
GBR,INTL,2020,
AUT,"NAT",2020,3263
BEL,"NAT",2020,3859
BGR,"NAT",2020,1784
CHE,"NAT",2020,2030
CYP,"NAT",2020,0
CZE,"NAT",2020,553
DEU,"NAT",2020,89035
DNK,"NAT",2020,21246
EST,"NAT",2020,2228
GRC,"NAT",2020,68611
ESP,"NAT",2020,192705
FIN,"NAT",2020,17111
FRA,"NAT",2020,155702
HRV,"NAT",2020,5430
HUN,"NAT",2020,18
IRL,"NAT",2020,2717
ISL,"NAT",2020,7195
ITA,"NAT",2020,129453
LTU,"NAT",2020,16
LUX,"NAT",2020,11
LVA,"NAT",2020,162
MNE,"NAT",2020,0
MKD,"NAT",2020,0
MLT,"NAT",2020,0
NLD,"NAT",2020,126
NOR,"NAT",2020,155044
POL,"NAT",2020,14686
PRT,"NAT",2020,31965
ROU,"NAT",2020,7682
RS,"NAT",2020,13
SWE,"NAT",2020,38016
SVN,"NAT",2020,0
SVK,"NAT",2020,187
TUR,"NAT",2020,179745
GBR,"NAT",2020,
AUT,TOTAL,2020,102428
BEL,TOTAL,2020,102748
BGR,TOTAL,2020,33222
CHE,TOTAL,2020,152693
CYP,TOTAL,2020,24053
CZE,TOTAL,2020,41430
DEU,TOTAL,2020,599671
DNK,TOTAL,2020,109223
EST,TOTAL,2020,14397
GRC,TOTAL,2020,191853
ESP,TOTAL,2020,556339
FIN,TOTAL,2020,67356
FRA,TOTAL,2020,481723
HRV,TOTAL,2020,29215
HUN,TOTAL,2020,36646
IRL,TOTAL,2020,87435
ISL,TOTAL,2020,18228
ITA,TOTAL,2020,422410
LTU,TOTAL,2020,20971
LUX,TOTAL,2020,21954
LVA,TOTAL,2020,26214
MNE,TOTAL,2020,6685
MKD,TOTAL,2020,6997
MLT,TOTAL,2020,18866
NLD,TOTAL,2020,227805
NOR,TOTAL,2020,217130
POL,TOTAL,2020,145576
PRT,TOTAL,2020,163181
ROU,TOTAL,2020,64230
RS,TOTAL,2020,26196
SWE,TOTAL,2020,115459
SVN,TOTAL,2020,3956
SVK,TOTAL,2020,14204
TUR,TOTAL,2020,400775
GBR,TOTAL,2020,
AUT,INTL,2019,290407
BEL,INTL,2019,276821
BGR,INTL,2019,78917
CHE,INTL,2019,440060
CYP,INTL,2019,73368
CZE,INTL,2019,146039
DEU,INTL,2019,1496592
DNK,INTL,2019,269210
EST,INTL,2019,36206
GRC,INTL,2019,316241
ESP,INTL,2019,1165984
FIN,INTL,2019,159609
FRA,INTL,2019,970287
HRV,INTL,2019,84004
HUN,INTL,2019,113038
IRL,INTL,2019,263328
ISL,INTL,2019,45882
ITA,INTL,2019,909258
LTU,INTL,2019,53844
LUX,INTL,2019,56817
LVA,INTL,2019,80651
MNE,INTL,2019,23732
MKD,INTL,2019,17442
MLT,INTL,2019,51710
NLD,INTL,2019,548691
NOR,INTL,2019,200657
POL,INTL,2019,342119
PRT,INTL,2019,336148
ROU,INTL,2019,148327
RS,INTL,2019,67711
SWE,INTL,2019,248096
SVN,INTL,2019,20916
SVK,INTL,2019,33398
TUR,INTL,2019,663021
GBR,INTL,2019,1591388
AUT,"NAT",2019,9910
BEL,"NAT",2019,6188
BGR,"NAT",2019,2725
CHE,"NAT",2019,7857
CYP,"NAT",2019,1
CZE,"NAT",2019,853
DEU,"NAT",2019,245881
DNK,"NAT",2019,36102
EST,"NAT",2019,2550
GRC,"NAT",2019,106262
ESP,"NAT",2019,386949
FIN,"NAT",2019,41759
FRA,"NAT",2019,310200
HRV,"NAT",2019,9052
HUN,"NAT",2019,21
IRL,"NAT",2019,2969
ISL,"NAT",2019,13319
ITA,"NAT",2019,256184
LTU,"NAT",2019,4
LUX,"NAT",2019,24
LVA,"NAT",2019,473
MNE,"NAT",2019,1
MKD,"NAT",2019,0
MLT,"NAT",2019,25
NLD,"NAT",2019,137
NOR,"NAT",2019,221611
POL,"NAT",2019,29031
PRT,"NAT",2019,59549
ROU,"NAT",2019,17760
RS,"NAT",2019,19
SWE,"NAT",2019,99741
SVN,"NAT",2019,0
SVK,"NAT",2019,302
TUR,"NAT",2019,313664
GBR,"NAT",2019,338266
AUT,TOTAL,2019,300317
BEL,TOTAL,2019,283009
BGR,TOTAL,2019,81642
CHE,TOTAL,2019,447917
CYP,TOTAL,2019,73369
CZE,TOTAL,2019,146892
DEU,TOTAL,2019,1742473
DNK,TOTAL,2019,305312
EST,TOTAL,2019,38756
GRC,TOTAL,2019,422503
ESP,TOTAL,2019,1552933
FIN,TOTAL,2019,201368
FRA,TOTAL,2019,1280487
HRV,TOTAL,2019,93056
HUN,TOTAL,2019,113059
IRL,TOTAL,2019,266297
ISL,TOTAL,2019,59201
ITA,TOTAL,2019,1165442
LTU,TOTAL,2019,53848
LUX,TOTAL,2019,56841
LVA,TOTAL,2019,81124
MNE,TOTAL,2019,23733
MKD,TOTAL,2019,17442
MLT,TOTAL,2019,51735
NLD,TOTAL,2019,548828
NOR,TOTAL,2019,422268
POL,TOTAL,2019,371150
PRT,TOTAL,2019,395697
ROU,TOTAL,2019,166087
RS,TOTAL,2019,67730
SWE,TOTAL,2019,347837
SVN,TOTAL,2019,20916
SVK,TOTAL,2019,33700
TUR,TOTAL,2019,976685
GBR,TOTAL,2019,1929654
AUT,INTL,2018,266313
BEL,INTL,2018,279135
BGR,INTL,2018,83951
CHE,INTL,2018,440389
CYP,INTL,2018,75509
CZE,INTL,2018,146054
DEU,INTL,2018,1499214
DNK,INTL,2018,271260
EST,INTL,2018,37444
GRC,INTL,2018,310281
ESP,INTL,2018,1151339
FIN,INTL,2018,156246
FRA,INTL,2018,943422
HRV,INTL,2018,78972
HUN,INTL,2018,104837
IRL,INTL,2018,256164
ISL,INTL,2018,59808
ITA,INTL,2018,876117
LTU,INTL,2018,52594
LUX,INTL,2018,54774
LVA,INTL,2018,77294
MNE,INTL,2018,22717
MKD,INTL,2018,16868
MLT,INTL,2018,47110
NLD,INTL,2018,548849
NOR,INTL,2018,200286
POL,INTL,2018,327323
PRT,INTL,2018,321261
ROU,INTL,2018,141705
RS,INTL,2018,60252
SWE,INTL,2018,256095
SVN,INTL,2018,24527
SVK,INTL,2018,33821
TUR,INTL,2018,601008
GBR,INTL,2018,1600273
AUT,"NAT",2018,10632
BEL,"NAT",2018,5661
BGR,"NAT",2018,2928
CHE,"NAT",2018,8761
CYP,"NAT",2018,2
CZE,"NAT",2018,2676
DEU,"NAT",2018,245993
DNK,"NAT",2018,36513
EST,"NAT",2018,2394
GRC,"NAT",2018,105458
ESP,"NAT",2018,367839
FIN,"NAT",2018,42350
FRA,"NAT",2018,310217
HRV,"NAT",2018,8979
HUN,"NAT",2018,47
IRL,"NAT",2018,2939
ISL,"NAT",2018,14015
ITA,"NAT",2018,253099
LTU,"NAT",2018,11
LUX,"NAT",2018,13
LVA,"NAT",2018,358
MNE,"NAT",2018,0
MKD,"NAT",2018,0
MLT,"NAT",2018,377
NLD,"NAT",2018,157
NOR,"NAT",2018,226842
POL,"NAT",2018,27974
PRT,"NAT",2018,59561
ROU,"NAT",2018,19165
RS,"NAT",2018,14
SWE,"NAT",2018,108881
SVN,"NAT",2018,0
SVK,"NAT",2018,860
TUR,"NAT",2018,360802
GBR,"NAT",2018,355007
AUT,TOTAL,2018,276945
BEL,TOTAL,2018,284796
BGR,TOTAL,2018,86879
CHE,TOTAL,2018,449150
CYP,TOTAL,2018,75511
CZE,TOTAL,2018,148730
DEU,TOTAL,2018,1745207
DNK,TOTAL,2018,307773
EST,TOTAL,2018,39838
GRC,TOTAL,2018,415739
ESP,TOTAL,2018,1519178
FIN,TOTAL,2018,198596
FRA,TOTAL,2018,1253639
HRV,TOTAL,2018,87951
HUN,TOTAL,2018,104884
IRL,TOTAL,2018,259103
ISL,TOTAL,2018,73823
ITA,TOTAL,2018,1129216
LTU,TOTAL,2018,52605
LUX,TOTAL,2018,54787
LVA,TOTAL,2018,77652
MNE,TOTAL,2018,22717
MKD,TOTAL,2018,16868
MLT,TOTAL,2018,47487
NLD,TOTAL,2018,549006
NOR,TOTAL,2018,427128
POL,TOTAL,2018,355297
PRT,TOTAL,2018,380822
ROU,TOTAL,2018,160870
RS,TOTAL,2018,60266
SWE,TOTAL,2018,364976
SVN,TOTAL,2018,24527
SVK,TOTAL,2018,34681
TUR,TOTAL,2018,961810
GBR,TOTAL,2018,1955280
AUT,INTL,2017,249720
BEL,INTL,2017,274504
BGR,INTL,2017,77200
CHE,INTL,2017,431490
CYP,INTL,2017,71826
CZE,INTL,2017,137449
DEU,INTL,2017,1440919
DNK,INTL,2017,261074
EST,INTL,2017,34388
GRC,INTL,2017,283789
ESP,INTL,2017,1108464
FIN,INTL,2017,142584
FRA,INTL,2017,928897
HRV,INTL,2017,72058
HUN,INTL,2017,92953
IRL,INTL,2017,244095
ISL,INTL,2017,50267
ITA,INTL,2017,830678
LTU,INTL,2017,47378
LUX,INTL,2017,50687
LVA,INTL,2017,68453
MNE,INTL,2017,20955
MKD,INTL,2017,15494
MLT,INTL,2017,41203
NLD,INTL,2017,539561
NOR,INTL,2017,191875
POL,INTL,2017,283151
PRT,INTL,2017,297454
ROU,INTL,2017,132080
RS,INTL,2017,56204
SWE,INTL,2017,251328
SVN,INTL,2017,23636
SVK,INTL,2017,20162
TUR,INTL,2017,541293
GBR,INTL,2017,1582230
AUT,"NAT",2017,10943
BEL,"NAT",2017,5522
BGR,"NAT",2017,2881
CHE,"NAT",2017,11108
CYP,"NAT",2017,6
CZE,"NAT",2017,2967
DEU,"NAT",2017,238859
DNK,"NAT",2017,37877
EST,"NAT",2017,2403
GRC,"NAT",2017,100771
ESP,"NAT",2017,328961
FIN,"NAT",2017,40629
FRA,"NAT",2017,310032
HRV,"NAT",2017,8817
HUN,"NAT",2017,15
IRL,"NAT",2017,2918
ISL,"NAT",2017,163
ITA,"NAT",2017,249235
LTU,"NAT",2017,10
LUX,"NAT",2017,19
LVA,"NAT",2017,267
MNE,"NAT",2017,4
MKD,"NAT",2017,0
MLT,"NAT",2017,272
NLD,"NAT",2017,206
NOR,"NAT",2017,233247
POL,"NAT",2017,31358
PRT,"NAT",2017,58404
ROU,"NAT",2017,18574
RS,"NAT",2017,13
SWE,"NAT",2017,111772
SVN,"NAT",2017,0
SVK,"NAT",2017,1009
TUR,"NAT",2017,358136
GBR,"NAT",2017,360135
AUT,TOTAL,2017,260663
BEL,TOTAL,2017,280026
BGR,TOTAL,2017,80081
CHE,TOTAL,2017,442598
CYP,TOTAL,2017,71832
CZE,TOTAL,2017,140416
DEU,TOTAL,2017,1679778
DNK,TOTAL,2017,298951
EST,TOTAL,2017,36791
GRC,TOTAL,2017,384560
ESP,TOTAL,2017,1437425
FIN,TOTAL,2017,183213
FRA,TOTAL,2017,1238929
HRV,TOTAL,2017,80875
HUN,TOTAL,2017,92968
IRL,TOTAL,2017,247013
ISL,TOTAL,2017,50430
ITA,TOTAL,2017,1079913
LTU,TOTAL,2017,47388
LUX,TOTAL,2017,50706
LVA,TOTAL,2017,68720
MNE,TOTAL,2017,20959
MKD,TOTAL,2017,15494
MLT,TOTAL,2017,41475
NLD,TOTAL,2017,539767
NOR,TOTAL,2017,425122
POL,TOTAL,2017,314509
PRT,TOTAL,2017,355858
ROU,TOTAL,2017,150654
RS,TOTAL,2017,56217
SWE,TOTAL,2017,363100
SVN,TOTAL,2017,23636
SVK,TOTAL,2017,21171
TUR,TOTAL,2017,899429
GBR,TOTAL,2017,1942365
AUT,INTL,2016,249605
BEL,INTL,2016,268600
BGR,INTL,2016,70545
CHE,INTL,2016,428312
CYP,INTL,2016,64008
CZE,INTL,2016,129773
DEU,INTL,2016,1398201
DNK,INTL,2016,268118
EST,INTL,2016,30294
GRC,INTL,2016,263491
ESP,INTL,2016,1042909
FIN,INTL,2016,132401
FRA,INTL,2016,912831
HRV,INTL,2016,64352
HUN,INTL,2016,86268
IRL,INTL,2016,237249
ISL,INTL,2016,43420
ITA,INTL,2016,799975
LTU,INTL,2016,44933
LUX,INTL,2016,47296
LVA,INTL,2016,62374
MNE,INTL,2016,19490
MKD,INTL,2016,14407
MLT,INTL,2016,35757
NLD,INTL,2016,522603
NOR,INTL,2016,193102
POL,INTL,2016,256291
PRT,INTL,2016,267235
ROU,INTL,2016,119402
RS,INTL,2016,55646
SWE,INTL,2016,236740
SVN,INTL,2016,21256
SVK,INTL,2016,18990
TUR,INTL,2016,518263
GBR,INTL,2016,1527806
AUT,"NAT",2016,11065
BEL,"NAT",2016,6913
BGR,"NAT",2016,2422
CHE,"NAT",2016,13707
CYP,"NAT",2016,40
CZE,"NAT",2016,4508
DEU,"NAT",2016,247583
DNK,"NAT",2016,40365
EST,"NAT",2016,1871
GRC,"NAT",2016,100476
ESP,"NAT",2016,311198
FIN,"NAT",2016,39524
FRA,"NAT",2016,307416
HRV,"NAT",2016,8737
HUN,"NAT",2016,24
IRL,"NAT",2016,2979
ISL,"NAT",2016,0
ITA,"NAT",2016,245241
LTU,"NAT",2016,17
LUX,"NAT",2016,14
LVA,"NAT",2016,47
MNE,"NAT",2016,19
MKD,"NAT",2016,0
MLT,"NAT",2016,222
NLD,"NAT",2016,546
NOR,"NAT",2016,239021
POL,"NAT",2016,28850
PRT,"NAT",2016,57456
ROU,"NAT",2016,15426
RS,"NAT",2016,4
SWE,"NAT",2016,110879
SVN,"NAT",2016,0
SVK,"NAT",2016,1053
TUR,"NAT",2016,352167
GBR,"NAT",2016,365000
AUT,TOTAL,2016,260670
BEL,TOTAL,2016,275513
BGR,TOTAL,2016,72967
CHE,TOTAL,2016,442019
CYP,TOTAL,2016,64048
CZE,TOTAL,2016,134281
DEU,TOTAL,2016,1645784
DNK,TOTAL,2016,308483
EST,TOTAL,2016,32165
GRC,TOTAL,2016,363967
ESP,TOTAL,2016,1354107
FIN,TOTAL,2016,171925
FRA,TOTAL,2016,1220247
HRV,TOTAL,2016,73089
HUN,TOTAL,2016,86292
IRL,TOTAL,2016,240228
ISL,TOTAL,2016,43420
ITA,TOTAL,2016,1045216
LTU,TOTAL,2016,44950
LUX,TOTAL,2016,47310
LVA,TOTAL,2016,62421
MNE,TOTAL,2016,19509
MKD,TOTAL,2016,14407
MLT,TOTAL,2016,35979
NLD,TOTAL,2016,523149
NOR,TOTAL,2016,432123
POL,TOTAL,2016,285141
PRT,TOTAL,2016,324691
ROU,TOTAL,2016,134828
RS,TOTAL,2016,55650
SWE,TOTAL,2016,347619
SVN,TOTAL,2016,21256
SVK,TOTAL,2016,20043
TUR,TOTAL,2016,870430
GBR,TOTAL,2016,1892806
AUT,INTL,2015,251276
BEL,INTL,2015,274083
BGR,INTL,2015,58749
CHE,INTL,2015,418031
CYP,INTL,2015,53554
CZE,INTL,2015,122474
DEU,INTL,2015,1361033
DNK,INTL,2015,256112
EST,INTL,2015,29762
GRC,INTL,2015,246472
ESP,INTL,2015,959477
FIN,INTL,2015,133867
FRA,INTL,2015,885826
HRV,INTL,2015,57806
HUN,INTL,2015,80183
IRL,INTL,2015,218081
ISL,INTL,2015,32168
ITA,INTL,2015,758103
LTU,INTL,2015,41744
LUX,INTL,2015,42546
LVA,INTL,2015,63021
MNE,INTL,2015,
MKD,INTL,2015,12913
MLT,INTL,2015,34071
NLD,INTL,2015,493107
NOR,INTL,2015,199441
POL,INTL,2015,248997
PRT,INTL,2015,246080
ROU,INTL,2015,105678
RS,INTL,2015,
SWE,INTL,2015,227241
SVN,INTL,2015,21454
SVK,INTL,2015,16697
TUR,INTL,2015,569703
GBR,INTL,2015,1411406
AUT,"NAT",2015,12497
BEL,"NAT",2015,12569
BGR,"NAT",2015,2491
CHE,"NAT",2015,13681
CYP,"NAT",2015,82
CZE,"NAT",2015,5023
DEU,"NAT",2015,245259
DNK,"NAT",2015,40082
EST,"NAT",2015,2268
GRC,"NAT",2015,95520
ESP,"NAT",2015,302370
FIN,"NAT",2015,40764
FRA,"NAT",2015,309148
HRV,"NAT",2015,8101
HUN,"NAT",2015,1
IRL,"NAT",2015,2932
ISL,"NAT",2015,0
ITA,"NAT",2015,246281
LTU,"NAT",2015,22
LUX,"NAT",2015,38
LVA,"NAT",2015,7
MNE,"NAT",2015,
MKD,"NAT",2015,0
MLT,"NAT",2015,306
NLD,"NAT",2015,533
NOR,"NAT",2015,243229
POL,"NAT",2015,28550
PRT,"NAT",2015,39022
ROU,"NAT",2015,11310
RS,"NAT",2015,
SWE,"NAT",2015,109726
SVN,"NAT",2015,1
SVK,"NAT",2015,966
TUR,"NAT",2015,336523
GBR,"NAT",2015,378312
AUT,TOTAL,2015,263773
BEL,TOTAL,2015,286652
BGR,TOTAL,2015,61240
CHE,TOTAL,2015,431712
CYP,TOTAL,2015,53636
CZE,TOTAL,2015,127497
DEU,TOTAL,2015,1606292
DNK,TOTAL,2015,296194
EST,TOTAL,2015,32030
GRC,TOTAL,2015,341992
ESP,TOTAL,2015,1261847
FIN,TOTAL,2015,174631
FRA,TOTAL,2015,1194974
HRV,TOTAL,2015,65907
HUN,TOTAL,2015,80184
IRL,TOTAL,2015,221013
ISL,TOTAL,2015,32168
ITA,TOTAL,2015,1004384
LTU,TOTAL,2015,41766
LUX,TOTAL,2015,42584
LVA,TOTAL,2015,63028
MNE,TOTAL,2015,
MKD,TOTAL,2015,12913
MLT,TOTAL,2015,34377
NLD,TOTAL,2015,493640
NOR,TOTAL,2015,442670
POL,TOTAL,2015,277547
PRT,TOTAL,2015,285102
ROU,TOTAL,2015,116988
RS,TOTAL,2015,
SWE,TOTAL,2015,336967
SVN,TOTAL,2015,21455
SVK,TOTAL,2015,17663
TUR,TOTAL,2015,906226
GBR,TOTAL,2015,1789718
AUT,INTL,2014,252975
BEL,INTL,2014,261636
BGR,INTL,2014,58203
CHE,INTL,2014,413526
CYP,INTL,2014,52403
CZE,INTL,2014,121829
DEU,INTL,2014,1338706
DNK,INTL,2014,251180
EST,INTL,2014,27004
GRC,INTL,2014,234620
ESP,INTL,2014,935303
FIN,INTL,2014,134745
FRA,INTL,2014,870847
HRV,INTL,2014,55164
HUN,INTL,2014,74830
IRL,INTL,2014,206749
ISL,INTL,2014,26889
ITA,INTL,2014,723070
LTU,INTL,2014,39493
LUX,INTL,2014,42054
LVA,INTL,2014,60889
MNE,INTL,2014,
MKD,INTL,2014,
MLT,INTL,2014,32241
NLD,INTL,2014,478342
NOR,INTL,2014,212314
POL,INTL,2014,225424
PRT,INTL,2014,230816
ROU,INTL,2014,96923
RS,INTL,2014,
SWE,INTL,2014,223427
SVN,INTL,2014,20473
SVK,INTL,2014,15005
TUR,INTL,2014,537866
GBR,INTL,2014,1376299
AUT,"NAT",2014,14028
BEL,"NAT",2014,12967
BGR,"NAT",2014,2510
CHE,"NAT",2014,12334
CYP,"NAT",2014,18
CZE,"NAT",2014,4564
DEU,"NAT",2014,252868
DNK,"NAT",2014,40491
EST,"NAT",2014,1930
GRC,"NAT",2014,87140
ESP,"NAT",2014,295439
FIN,"NAT",2014,42132
FRA,"NAT",2014,311775
HRV,"NAT",2014,8147
HUN,"NAT",2014,2
IRL,"NAT",2014,2951
ISL,"NAT",2014,0
ITA,"NAT",2014,237164
LTU,"NAT",2014,19
LUX,"NAT",2014,51
LVA,"NAT",2014,4
MNE,"NAT",2014,
MKD,"NAT",2014,
MLT,"NAT",2014,331
NLD,"NAT",2014,530
NOR,"NAT",2014,231232
POL,"NAT",2014,29995
PRT,"NAT",2014,35825
ROU,"NAT",2014,11910
RS,"NAT",2014,
SWE,"NAT",2014,112048
SVN,"NAT",2014,0
SVK,"NAT",2014,971
TUR,"NAT",2014,305327
GBR,"NAT",2014,375452
AUT,TOTAL,2014,267003
BEL,TOTAL,2014,274603
BGR,TOTAL,2014,60713
CHE,TOTAL,2014,425860
CYP,TOTAL,2014,52421
CZE,TOTAL,2014,126393
DEU,TOTAL,2014,1591574
DNK,TOTAL,2014,291671
EST,TOTAL,2014,28934
GRC,TOTAL,2014,321760
ESP,TOTAL,2014,1230742
FIN,TOTAL,2014,176877
FRA,TOTAL,2014,1182622
HRV,TOTAL,2014,63311
HUN,TOTAL,2014,74832
IRL,TOTAL,2014,209700
ISL,TOTAL,2014,26889
ITA,TOTAL,2014,960234
LTU,TOTAL,2014,39512
LUX,TOTAL,2014,42105
LVA,TOTAL,2014,60893
MNE,TOTAL,2014,
MKD,TOTAL,2014,
MLT,TOTAL,2014,32572
NLD,TOTAL,2014,478872
NOR,TOTAL,2014,443546
POL,TOTAL,2014,255419
PRT,TOTAL,2014,266641
ROU,TOTAL,2014,108833
RS,TOTAL,2014,
SWE,TOTAL,2014,335475
SVN,TOTAL,2014,20473
SVK,TOTAL,2014,15976
TUR,TOTAL,2014,843193
GBR,TOTAL,2014,1751751
AUT,INTL,2013,250726
BEL,INTL,2013,251637
BGR,INTL,2013,54066
CHE,INTL,2013,408515
CYP,INTL,2013,49872
CZE,INTL,2013,125519
DEU,INTL,2013,1336498
DNK,INTL,2013,251595
EST,INTL,2013,26550
GRC,INTL,2013,203233
ESP,INTL,2013,898881
FIN,INTL,2013,134459
FRA,INTL,2013,861661
HRV,INTL,2013,52497
HUN,INTL,2013,71751
IRL,INTL,2013,194028
ISL,INTL,2013,22618
ITA,INTL,2013,715291
LTU,INTL,2013,35062
LUX,INTL,2013,40871
LVA,INTL,2013,62208
MNE,INTL,2013,
MKD,INTL,2013,
MLT,INTL,2013,30749
NLD,INTL,2013,465199
NOR,INTL,2013,213639
POL,INTL,2013,213717
PRT,INTL,2013,216115
ROU,INTL,2013,92482
RS,INTL,2013,
SWE,INTL,2013,220310
SVN,INTL,2013,21083
SVK,INTL,2013,14296
TUR,INTL,2013,490404
GBR,INTL,2013,1331660
AUT,"NAT",2013,14934
BEL,"NAT",2013,13742
BGR,"NAT",2013,2793
CHE,"NAT",2013,10819
CYP,"NAT",2013,23
CZE,"NAT",2013,3935
DEU,"NAT",2013,317619
DNK,"NAT",2013,39071
EST,"NAT",2013,2034
GRC,"NAT",2013,82407
ESP,"NAT",2013,288975
FIN,"NAT",2013,44140
FRA,"NAT",2013,332605
HRV,"NAT",2013,7072
HUN,"NAT",2013,5
IRL,"NAT",2013,3015
ISL,"NAT",2013,0
ITA,"NAT",2013,255865
LTU,"NAT",2013,19
LUX,"NAT",2013,48
LVA,"NAT",2013,7
MNE,"NAT",2013,
MKD,"NAT",2013,
MLT,"NAT",2013,217
NLD,"NAT",2013,668
NOR,"NAT",2013,226747
POL,"NAT",2013,29416
PRT,"NAT",2013,34866
ROU,"NAT",2013,13093
RS,"NAT",2013,
SWE,"NAT",2013,111610
SVN,"NAT",2013,0
SVK,"NAT",2013,982
TUR,"NAT",2013,279171
GBR,"NAT",2013,385117
AUT,TOTAL,2013,265660
BEL,TOTAL,2013,265379
BGR,TOTAL,2013,56859
CHE,TOTAL,2013,419334
CYP,TOTAL,2013,49895
CZE,TOTAL,2013,129454
DEU,TOTAL,2013,1654117
DNK,TOTAL,2013,290666
EST,TOTAL,2013,28584
GRC,TOTAL,2013,285640
ESP,TOTAL,2013,1187856
FIN,TOTAL,2013,178599
FRA,TOTAL,2013,1194266
HRV,TOTAL,2013,59569
HUN,TOTAL,2013,71756
IRL,TOTAL,2013,197043
ISL,TOTAL,2013,22618
ITA,TOTAL,2013,971156
LTU,TOTAL,2013,35081
LUX,TOTAL,2013,40919
LVA,TOTAL,2013,62215
MNE,TOTAL,2013,
MKD,TOTAL,2013,
MLT,TOTAL,2013,30966
NLD,TOTAL,2013,465867
NOR,TOTAL,2013,440386
POL,TOTAL,2013,243133
PRT,TOTAL,2013,250981
ROU,TOTAL,2013,105575
RS,TOTAL,2013,
SWE,TOTAL,2013,331920
SVN,TOTAL,2013,21083
SVK,TOTAL,2013,15278
TUR,TOTAL,2013,769575
GBR,TOTAL,2013,1716777
AUT,INTL,2012,262721
BEL,INTL,2012,258729
BGR,INTL,2012,54615
CHE,INTL,2012,416021
CYP,INTL,2012,55865
CZE,INTL,2012,127665
DEU,INTL,2012,1367193
DNK,INTL,2012,248511
EST,INTL,2012,36561
GRC,INTL,2012,198792
ESP,INTL,2012,892328
FIN,INTL,2012,137862
FRA,INTL,2012,883685
HRV,INTL,2012,50343
HUN,INTL,2012,75708
IRL,INTL,2012,191430
ISL,INTL,2012,19897
ITA,INTL,2012,738857
LTU,INTL,2012,35194
LUX,INTL,2012,40347
LVA,INTL,2012,64114
MNE,INTL,2012,
MKD,INTL,2012,
MLT,INTL,2012,28197
NLD,INTL,2012,457381
NOR,INTL,2012,200004
POL,INTL,2012,205959
PRT,INTL,2012,208915
ROU,INTL,2012,95653
RS,INTL,2012,
SWE,INTL,2012,214686
SVN,INTL,2012,22198
SVK,INTL,2012,14697
TUR,INTL,2012,445837
GBR,INTL,2012,1310780
AUT,"NAT",2012,15644
BEL,"NAT",2012,14240
BGR,"NAT",2012,3341
CHE,"NAT",2012,11023
CYP,"NAT",2012,247
CZE,"NAT",2012,5904
DEU,"NAT",2012,345497
DNK,"NAT",2012,37042
EST,"NAT",2012,2487
GRC,"NAT",2012,88781
ESP,"NAT",2012,346184
FIN,"NAT",2012,49372
FRA,"NAT",2012,339375
HRV,"NAT",2012,7375
HUN,"NAT",2012,8
IRL,"NAT",2012,3267
ISL,"NAT",2012,0
ITA,"NAT",2012,284305
LTU,"NAT",2012,15
LUX,"NAT",2012,32
LVA,"NAT",2012,9
MNE,"NAT",2012,
MKD,"NAT",2012,
MLT,"NAT",2012,227
NLD,"NAT",2012,740
NOR,"NAT",2012,225937
POL,"NAT",2012,38942
PRT,"NAT",2012,36285
ROU,"NAT",2012,15598
RS,"NAT",2012,
SWE,"NAT",2012,110955
SVN,"NAT",2012,0
SVK,"NAT",2012,1333
TUR,"NAT",2012,244745
GBR,"NAT",2012,380954
AUT,TOTAL,2012,278365
BEL,TOTAL,2012,272969
BGR,TOTAL,2012,57956
CHE,TOTAL,2012,427044
CYP,TOTAL,2012,56112
CZE,TOTAL,2012,133569
DEU,TOTAL,2012,1712690
DNK,TOTAL,2012,285553
EST,TOTAL,2012,39048
GRC,TOTAL,2012,287573
ESP,TOTAL,2012,1238512
FIN,TOTAL,2012,187234
FRA,TOTAL,2012,1223060
HRV,TOTAL,2012,57718
HUN,TOTAL,2012,75716
IRL,TOTAL,2012,194697
ISL,TOTAL,2012,19897
ITA,TOTAL,2012,1023162
LTU,TOTAL,2012,35209
LUX,TOTAL,2012,40379
LVA,TOTAL,2012,64123
MNE,TOTAL,2012,
MKD,TOTAL,2012,
MLT,TOTAL,2012,28424
NLD,TOTAL,2012,458121
NOR,TOTAL,2012,425941
POL,TOTAL,2012,244901
PRT,TOTAL,2012,245200
ROU,TOTAL,2012,111251
RS,TOTAL,2012,
SWE,TOTAL,2012,325641
SVN,TOTAL,2012,22198
SVK,TOTAL,2012,16030
TUR,TOTAL,2012,690582
GBR,TOTAL,2012,1691734
AUT,INTL,2011,270888
BEL,INTL,2011,264319
BGR,INTL,2011,58136
CHE,INTL,2011,409081
CYP,INTL,2011,57686
CZE,INTL,2011,145453
DEU,INTL,2011,1378173
DNK,INTL,2011,246018
EST,INTL,2011,28037
GRC,INTL,2011,214021
ESP,INTL,2011,922720
FIN,INTL,2011,147706
FRA,INTL,2011,902357
HRV,INTL,2011,49351
HUN,INTL,2011,98132
IRL,INTL,2011,191453
ISL,INTL,2011,18297
ITA,INTL,2011,743061
LTU,INTL,2011,33492
LUX,INTL,2011,39292
LVA,INTL,2011,69813
MNE,INTL,2011,
MKD,INTL,2011,
MLT,INTL,2011,28019
NLD,INTL,2011,451655
NOR,INTL,2011,192032
POL,INTL,2011,206882
PRT,INTL,2011,208777
ROU,INTL,2011,102298
RS,INTL,2011,
SWE,INTL,2011,219920
SVN,INTL,2011,25431
SVK,INTL,2011,18299
TUR,INTL,2011,
GBR,INTL,2011,1318278
AUT,"NAT",2011,15477
BEL,"NAT",2011,18880
BGR,"NAT",2011,3570
CHE,"NAT",2011,11436
CYP,"NAT",2011,476
CZE,"NAT",2011,7299
DEU,"NAT",2011,368020
DNK,"NAT",2011,49957
EST,"NAT",2011,2460
GRC,"NAT",2011,93430
ESP,"NAT",2011,416789
FIN,"NAT",2011,60105
FRA,"NAT",2011,340418
HRV,"NAT",2011,7847
HUN,"NAT",2011,8
IRL,"NAT",2011,5687
ISL,"NAT",2011,0
ITA,"NAT",2011,304464
LTU,"NAT",2011,17
LUX,"NAT",2011,34
LVA,"NAT",2011,13
MNE,"NAT",2011,
MKD,"NAT",2011,
MLT,"NAT",2011,133
NLD,"NAT",2011,877
NOR,"NAT",2011,216830
POL,"NAT",2011,30066
PRT,"NAT",2011,38019
ROU,"NAT",2011,17695
RS,"NAT",2011,
SWE,"NAT",2011,115583
SVN,"NAT",2011,7
SVK,"NAT",2011,1539
TUR,"NAT",2011,
GBR,"NAT",2011,391969
AUT,TOTAL,2011,286365
BEL,TOTAL,2011,283199
BGR,TOTAL,2011,61706
CHE,TOTAL,2011,420517
CYP,TOTAL,2011,58162
CZE,TOTAL,2011,152752
DEU,TOTAL,2011,1746193
DNK,TOTAL,2011,295975
EST,TOTAL,2011,30497
GRC,TOTAL,2011,307451
ESP,TOTAL,2011,1339509
FIN,TOTAL,2011,207811
FRA,TOTAL,2011,1242775
HRV,TOTAL,2011,57198
HUN,TOTAL,2011,98140
IRL,TOTAL,2011,197140
ISL,TOTAL,2011,18297
ITA,TOTAL,2011,1047525
LTU,TOTAL,2011,33509
LUX,TOTAL,2011,39326
LVA,TOTAL,2011,69826
MNE,TOTAL,2011,
MKD,TOTAL,2011,
MLT,TOTAL,2011,28152
NLD,TOTAL,2011,452532
NOR,TOTAL,2011,408862
POL,TOTAL,2011,236948
PRT,TOTAL,2011,246796
ROU,TOTAL,2011,119993
RS,TOTAL,2011,
SWE,TOTAL,2011,335503
SVN,TOTAL,2011,25438
SVK,TOTAL,2011,19838
TUR,TOTAL,2011,
GBR,TOTAL,2011,1710247
AUT,INTL,2010,269205
BEL,INTL,2010,249848
BGR,INTL,2010,56489
CHE,INTL,2010,374010
CYP,INTL,2010,58564
CZE,INTL,2010,146804
DEU,INTL,2010,1320709
DNK,INTL,2010,235853
EST,INTL,2010,22752
GRC,INTL,2010,205395
ESP,INTL,2010,853857
FIN,INTL,2010,129827
FRA,INTL,2010,863566
HRV,INTL,2010,50180
HUN,INTL,2010,93750
IRL,INTL,2010,183569
ISL,INTL,2010,15379
ITA,INTL,2010,736910
LTU,INTL,2010,31715
LUX,INTL,2010,35501
LVA,INTL,2010,66014
MNE,INTL,2010,
MKD,INTL,2010,
MLT,INTL,2010,28934
NLD,INTL,2010,412302
NOR,INTL,2010,178816
POL,INTL,2010,193476
PRT,INTL,2010,198734
ROU,INTL,2010,99703
RS,INTL,2010,
SWE,INTL,2010,199870
SVN,INTL,2010,26637
SVK,INTL,2010,20089
TUR,INTL,2010,
GBR,INTL,2010,1256134
AUT,"NAT",2010,19917
BEL,"NAT",2010,16796
BGR,"NAT",2010,2904
CHE,"NAT",2010,11564
CYP,"NAT",2010,1317
CZE,"NAT",2010,11519
DEU,"NAT",2010,298079
DNK,"NAT",2010,49512
EST,"NAT",2010,1999
GRC,"NAT",2010,103867
ESP,"NAT",2010,428727
FIN,"NAT",2010,55559
FRA,"NAT",2010,324298
HRV,"NAT",2010,7434
HUN,"NAT",2010,2
IRL,"NAT",2010,11465
ISL,"NAT",2010,0
ITA,"NAT",2010,305983
LTU,"NAT",2010,24
LUX,"NAT",2010,49
LVA,"NAT",2010,11
MNE,"NAT",2010,
MKD,"NAT",2010,
MLT,"NAT",2010,56
NLD,"NAT",2010,1053
NOR,"NAT",2010,210117
POL,"NAT",2010,27929
PRT,"NAT",2010,38610
ROU,"NAT",2010,19504
RS,"NAT",2010,
SWE,"NAT",2010,106442
SVN,"NAT",2010,6
SVK,"NAT",2010,1887
TUR,"NAT",2010,
GBR,"NAT",2010,402374
AUT,TOTAL,2010,289122
BEL,TOTAL,2010,266644
BGR,TOTAL,2010,59393
CHE,TOTAL,2010,385574
CYP,TOTAL,2010,59881
CZE,TOTAL,2010,158323
DEU,TOTAL,2010,1618788
DNK,TOTAL,2010,285365
EST,TOTAL,2010,24751
GRC,TOTAL,2010,309262
ESP,TOTAL,2010,1282584
FIN,TOTAL,2010,185386
FRA,TOTAL,2010,1187864
HRV,TOTAL,2010,57614
HUN,TOTAL,2010,93752
IRL,TOTAL,2010,195034
ISL,TOTAL,2010,15379
ITA,TOTAL,2010,1042893
LTU,TOTAL,2010,31739
LUX,TOTAL,2010,35550
LVA,TOTAL,2010,66025
MNE,TOTAL,2010,
MKD,TOTAL,2010,
MLT,TOTAL,2010,28990
NLD,TOTAL,2010,413355
NOR,TOTAL,2010,388933
POL,TOTAL,2010,221405
PRT,TOTAL,2010,237344
ROU,TOTAL,2010,119207
RS,TOTAL,2010,
SWE,TOTAL,2010,306312
SVN,TOTAL,2010,26643
SVK,TOTAL,2010,21976
TUR,TOTAL,2010,
GBR,TOTAL,2010,1658508
AUT,INTL,2009,267432
BEL,INTL,2009,248657
BGR,INTL,2009,54376
CHE,INTL,2009,368106
CYP,INTL,2009,60212
CZE,INTL,2009,153251
DEU,INTL,2009,1317553
DNK,INTL,2009,225731
EST,INTL,2009,21835
GRC,INTL,2009,211122
ESP,INTL,2009,833528
FIN,INTL,2009,123943
FRA,INTL,2009,949092
HRV,INTL,2009,47613
HUN,INTL,2009,98715
IRL,INTL,2009,201391
ISL,INTL,2009,15066
ITA,INTL,2009,704871
LTU,INTL,2009,25998
LUX,INTL,2009,35526
LVA,INTL,2009,57218
MNE,INTL,2009,
MKD,INTL,2009,
MLT,INTL,2009,26298
NLD,INTL,2009,416510
NOR,INTL,2009,169054
POL,INTL,2009,187108
PRT,INTL,2009,188229
ROU,INTL,2009,97569
RS,INTL,2009,
SWE,INTL,2009,191831
SVN,INTL,2009,30230
SVK,INTL,2009,21594
TUR,INTL,2009,
GBR,INTL,2009,1320515
AUT,"NAT",2009,20000
BEL,"NAT",2009,16145
BGR,"NAT",2009,3108
CHE,"NAT",2009,11667
CYP,"NAT",2009,1774
CZE,"NAT",2009,15021
DEU,"NAT",2009,302636
DNK,"NAT",2009,45681
EST,"NAT",2009,1992
GRC,"NAT",2009,115956
ESP,"NAT",2009,441060
FIN,"NAT",2009,57909
FRA,"NAT",2009,367013
HRV,"NAT",2009,8491
HUN,"NAT",2009,0
IRL,"NAT",2009,14449
ISL,"NAT",2009,
ITA,"NAT",2009,309289
LTU,"NAT",2009,12
LUX,"NAT",2009,32
LVA,"NAT",2009,14
MNE,"NAT",2009,
MKD,"NAT",2009,
MLT,"NAT",2009,327
NLD,"NAT",2009,1009
NOR,"NAT",2009,210248
POL,"NAT",2009,27699
PRT,"NAT",2009,38605
ROU,"NAT",2009,18125
RS,"NAT",2009,
SWE,"NAT",2009,109503
SVN,"NAT",2009,4
SVK,"NAT",2009,3131
TUR,"NAT",2009,
GBR,"NAT",2009,431766
AUT,TOTAL,2009,287432
BEL,TOTAL,2009,264802
BGR,TOTAL,2009,57484
CHE,TOTAL,2009,379773
CYP,TOTAL,2009,61986
CZE,TOTAL,2009,168272
DEU,TOTAL,2009,1620189
DNK,TOTAL,2009,271412
EST,TOTAL,2009,23827
GRC,TOTAL,2009,327078
ESP,TOTAL,2009,1274588
FIN,TOTAL,2009,181852
FRA,TOTAL,2009,1316105
HRV,TOTAL,2009,56104
HUN,TOTAL,2009,98715
IRL,TOTAL,2009,215840
ISL,TOTAL,2009,15066
ITA,TOTAL,2009,1014160
LTU,TOTAL,2009,26010
LUX,TOTAL,2009,35558
LVA,TOTAL,2009,57232
MNE,TOTAL,2009,
MKD,TOTAL,2009,
MLT,TOTAL,2009,26625
NLD,TOTAL,2009,417519
NOR,TOTAL,2009,379302
POL,TOTAL,2009,214807
PRT,TOTAL,2009,226834
ROU,TOTAL,2009,115694
RS,TOTAL,2009,
SWE,TOTAL,2009,301334
SVN,TOTAL,2009,30234
SVK,TOTAL,2009,24725
TUR,TOTAL,2009,
GBR,TOTAL,2009,1752281
AUT,INTL,2008,294507
BEL,INTL,2008,260268
BGR,INTL,2008,59314
CHE,INTL,2008,388282
CYP,INTL,2008,66445
CZE,INTL,2008,168183
DEU,INTL,2008,1407927
DNK,INTL,2008,255651
EST,INTL,2008,29481
GRC,INTL,2008,219638
ESP,INTL,2008,925821
FIN,INTL,2008,135033
FRA,INTL,2008,1040280
HRV,INTL,2008,48804
HUN,INTL,2008,104510
IRL,INTL,2008,239864
ISL,INTL,2008,17626
ITA,INTL,2008,752507
LTU,INTL,2008,39562
LUX,INTL,2008,39197
LVA,INTL,2008,51959
MNE,INTL,2008,
MKD,INTL,2008,
MLT,INTL,2008,27068
NLD,INTL,2008,455101
NOR,INTL,2008,190372
POL,INTL,2008,206434
PRT,INTL,2008,206326
ROU,INTL,2008,96698
RS,INTL,2008,
SWE,INTL,2008,216807
SVN,INTL,2008,32520
SVK,INTL,2008,28542
TUR,INTL,2008,
GBR,INTL,2008,1437861
AUT,"NAT",2008,20630
BEL,"NAT",2008,13310
BGR,"NAT",2008,3381
CHE,"NAT",2008,11610
CYP,"NAT",2008,2113
CZE,"NAT",2008,12406
DEU,"NAT",2008,326849
DNK,"NAT",2008,48777
EST,"NAT",2008,2238
GRC,"NAT",2008,102828
ESP,"NAT",2008,495292
FIN,"NAT",2008,58971
FRA,"NAT",2008,395326
HRV,"NAT",2008,8840
HUN,"NAT",2008,1
IRL,"NAT",2008,18012
ISL,"NAT",2008,
ITA,"NAT",2008,322022
LTU,"NAT",2008,103
LUX,"NAT",2008,60
LVA,"NAT",2008,1880
MNE,"NAT",2008,
MKD,"NAT",2008,
MLT,"NAT",2008,0
NLD,"NAT",2008,3093
NOR,"NAT",2008,245236
POL,"NAT",2008,30491
PRT,"NAT",2008,41157
ROU,"NAT",2008,16505
RS,"NAT",2008,
SWE,"NAT",2008,117064
SVN,"NAT",2008,2
SVK,"NAT",2008,2491
TUR,"NAT",2008,
GBR,"NAT",2008,472014
AUT,TOTAL,2008,315137
BEL,TOTAL,2008,273578
BGR,TOTAL,2008,62695
CHE,TOTAL,2008,399892
CYP,TOTAL,2008,68558
CZE,TOTAL,2008,180589
DEU,TOTAL,2008,1734776
DNK,TOTAL,2008,304428
EST,TOTAL,2008,31719
GRC,TOTAL,2008,322466
ESP,TOTAL,2008,1421113
FIN,TOTAL,2008,194004
FRA,TOTAL,2008,1435606
HRV,TOTAL,2008,57644
HUN,TOTAL,2008,104511
IRL,TOTAL,2008,257876
ISL,TOTAL,2008,17626
ITA,TOTAL,2008,1074529
LTU,TOTAL,2008,39665
LUX,TOTAL,2008,39257
LVA,TOTAL,2008,53839
MNE,TOTAL,2008,
MKD,TOTAL,2008,
MLT,TOTAL,2008,27068
NLD,TOTAL,2008,458194
NOR,TOTAL,2008,435608
POL,TOTAL,2008,236925
PRT,TOTAL,2008,247483
ROU,TOTAL,2008,113203
RS,TOTAL,2008,
SWE,TOTAL,2008,333871
SVN,TOTAL,2008,32522
SVK,TOTAL,2008,31033
TUR,TOTAL,2008,
GBR,TOTAL,2008,1909875
AUT,INTL,2007,281076
BEL,INTL,2007,253777
BGR,INTL,2007,56505
CHE,INTL,2007,377492
CYP,INTL,2007,65190
CZE,INTL,2007,163325
DEU,INTL,2007,1398611
DNK,INTL,2007,244856
EST,INTL,2007,26669
GRC,INTL,2007,225818
ESP,INTL,2007,923449
FIN,INTL,2007,127252
FRA,INTL,2007,1033471
HRV,INTL,2007,
HUN,INTL,2007,109413
IRL,INTL,2007,232179
ISL,INTL,2007,19344
ITA,INTL,2007,795910
LTU,INTL,2007,34366
LUX,INTL,2007,38388
LVA,INTL,2007,42877
MNE,INTL,2007,
MKD,INTL,2007,
MLT,INTL,2007,27352
NLD,INTL,2007,459999
NOR,INTL,2007,176063
POL,INTL,2007,197689
PRT,INTL,2007,210907
ROU,INTL,2007,87458
RS,INTL,2007,
SWE,INTL,2007,202524
SVN,INTL,2007,29177
SVK,INTL,2007,24930
TUR,INTL,2007,
GBR,INTL,2007,1459985
AUT,"NAT",2007,19897
BEL,"NAT",2007,10155
BGR,"NAT",2007,2973
CHE,"NAT",2007,12131
CYP,"NAT",2007,2118
CZE,"NAT",2007,10414
DEU,"NAT",2007,332381
DNK,"NAT",2007,47344
EST,"NAT",2007,2302
GRC,"NAT",2007,109521
ESP,"NAT",2007,516791
FIN,"NAT",2007,59549
FRA,"NAT",2007,395061
HRV,"NAT",2007,
HUN,"NAT",2007,4
IRL,"NAT",2007,20252
ISL,"NAT",2007,
ITA,"NAT",2007,342780
LTU,"NAT",2007,73
LUX,"NAT",2007,1
LVA,"NAT",2007,728
MNE,"NAT",2007,
MKD,"NAT",2007,
MLT,"NAT",2007,0
NLD,"NAT",2007,3800
NOR,"NAT",2007,242773
POL,"NAT",2007,31859
PRT,"NAT",2007,38711
ROU,"NAT",2007,14887
RS,"NAT",2007,
SWE,"NAT",2007,117926
SVN,"NAT",2007,4
SVK,"NAT",2007,1963
TUR,"NAT",2007,
GBR,"NAT",2007,487094
AUT,TOTAL,2007,300973
BEL,TOTAL,2007,263932
BGR,TOTAL,2007,59478
CHE,TOTAL,2007,389623
CYP,TOTAL,2007,67308
CZE,TOTAL,2007,173739
DEU,TOTAL,2007,1730992
DNK,TOTAL,2007,292200
EST,TOTAL,2007,28971
GRC,TOTAL,2007,335339
ESP,TOTAL,2007,1440240
FIN,TOTAL,2007,186801
FRA,TOTAL,2007,1428532
HRV,TOTAL,2007,
HUN,TOTAL,2007,109417
IRL,TOTAL,2007,252431
ISL,TOTAL,2007,19344
ITA,TOTAL,2007,1138690
LTU,TOTAL,2007,34439
LUX,TOTAL,2007,38389
LVA,TOTAL,2007,43605
MNE,TOTAL,2007,
MKD,TOTAL,2007,
MLT,TOTAL,2007,27352
NLD,TOTAL,2007,463799
NOR,TOTAL,2007,418836
POL,TOTAL,2007,229548
PRT,TOTAL,2007,249618
ROU,TOTAL,2007,102345
RS,TOTAL,2007,
SWE,TOTAL,2007,320450
SVN,TOTAL,2007,29181
SVK,TOTAL,2007,26893
TUR,TOTAL,2007,
GBR,TOTAL,2007,1947079
AUT,INTL,2006,260381
BEL,INTL,2006,236864
BGR,INTL,2006,
CHE,INTL,2006,361679
CYP,INTL,2006,61462
CZE,INTL,2006,154007
DEU,INTL,2006,1340857
DNK,INTL,2006,243362
EST,INTL,2006,22486
GRC,INTL,2006,211385
ESP,INTL,2006,829425
FIN,INTL,2006,119385
FRA,INTL,2006,986157
HRV,INTL,2006,
HUN,INTL,2006,110135
IRL,INTL,2006,217462
ISL,INTL,2006,15904
ITA,INTL,2006,720806
LTU,INTL,2006,31805
LUX,INTL,2006,39885
LVA,INTL,2006,35385
MNE,INTL,2006,
MKD,INTL,2006,
MLT,INTL,2006,24712
NLD,INTL,2006,446381
NOR,INTL,2006,168991
POL,INTL,2006,189311
PRT,INTL,2006,189712
ROU,INTL,2006,77520
RS,INTL,2006,
SWE,INTL,2006,201464
SVN,INTL,2006,26487
SVK,INTL,2006,26023
TUR,INTL,2006,
GBR,INTL,2006,1413350
AUT,"NAT",2006,19673
BEL,"NAT",2006,8600
BGR,"NAT",2006,
CHE,"NAT",2006,13275
CYP,"NAT",2006,2611
CZE,"NAT",2006,10914
DEU,"NAT",2006,328926
DNK,"NAT",2006,47252
EST,"NAT",2006,2244
GRC,"NAT",2006,105833
ESP,"NAT",2006,489187
FIN,"NAT",2006,64945
FRA,"NAT",2006,398717
HRV,"NAT",2006,
HUN,"NAT",2006,491
IRL,"NAT",2006,19357
ISL,"NAT",2006,
ITA,"NAT",2006,318725
LTU,"NAT",2006,206
LUX,"NAT",2006,5
LVA,"NAT",2006,147
MNE,"NAT",2006,
MKD,"NAT",2006,
MLT,"NAT",2006,1924
NLD,"NAT",2006,3185
NOR,"NAT",2006,242522
POL,"NAT",2006,30823
PRT,"NAT",2006,40841
ROU,"NAT",2006,13233
RS,"NAT",2006,
SWE,"NAT",2006,123283
SVN,"NAT",2006,7
SVK,"NAT",2006,1484
TUR,"NAT",2006,
GBR,"NAT",2006,490718
AUT,TOTAL,2006,280054
BEL,TOTAL,2006,245464
BGR,TOTAL,2006,
CHE,TOTAL,2006,374954
CYP,TOTAL,2006,64073
CZE,TOTAL,2006,164921
DEU,TOTAL,2006,1669783
DNK,TOTAL,2006,290614
EST,TOTAL,2006,24730
GRC,TOTAL,2006,317218
ESP,TOTAL,2006,1318612
FIN,TOTAL,2006,184330
FRA,TOTAL,2006,1384874
HRV,TOTAL,2006,
HUN,TOTAL,2006,110626
IRL,TOTAL,2006,236819
ISL,TOTAL,2006,15904
ITA,TOTAL,2006,1039531
LTU,TOTAL,2006,32011
LUX,TOTAL,2006,39890
LVA,TOTAL,2006,35532
MNE,TOTAL,2006,
MKD,TOTAL,2006,
MLT,TOTAL,2006,26636
NLD,TOTAL,2006,449566
NOR,TOTAL,2006,411513
POL,TOTAL,2006,220134
PRT,TOTAL,2006,230553
ROU,TOTAL,2006,90753
RS,TOTAL,2006,
SWE,TOTAL,2006,324747
SVN,TOTAL,2006,26494
SVK,TOTAL,2006,27507
TUR,TOTAL,2006,
GBR,TOTAL,2006,1904068
AUT,INTL,2005,261552
BEL,INTL,2005,217544
BGR,INTL,2005,
CHE,INTL,2005,367765
CYP,INTL,2005,57270
CZE,INTL,2005,147335
DEU,INTL,2005,1284186
DNK,INTL,2005,254221
EST,INTL,2005,22122
GRC,INTL,2005,197936
ESP,INTL,2005,802483
FIN,INTL,2005,115894
FRA,INTL,2005,942036
HRV,INTL,2005,
HUN,INTL,2005,109600
IRL,INTL,2005,205116
ISL,INTL,2005,14217
ITA,INTL,2005,688721
LTU,INTL,2005,29855
LUX,INTL,2005,39256
LVA,INTL,2005,30277
MNE,INTL,2005,
MKD,INTL,2005,
MLT,INTL,2005,25914
NLD,INTL,2005,420798
NOR,INTL,2005,146853
POL,INTL,2005,97359
PRT,INTL,2005,168523
ROU,INTL,2005,58373
RS,INTL,2005,
SWE,INTL,2005,186368
SVN,INTL,2005,25829
SVK,INTL,2005,24310
TUR,INTL,2005,
GBR,INTL,2005,1372613
AUT,"NAT",2005,19091
BEL,"NAT",2005,72
BGR,"NAT",2005,
CHE,"NAT",2005,14617
CYP,"NAT",2005,2450
CZE,"NAT",2005,9621
DEU,"NAT",2005,332560
DNK,"NAT",2005,47180
EST,"NAT",2005,2222
GRC,"NAT",2005,100818
ESP,"NAT",2005,469807
FIN,"NAT",2005,63277
FRA,"NAT",2005,394694
HRV,"NAT",2005,
HUN,"NAT",2005,40
IRL,"NAT",2005,19461
ISL,"NAT",2005,56
ITA,"NAT",2005,296702
LTU,"NAT",2005,1168
LUX,"NAT",2005,0
LVA,"NAT",2005,66
MNE,"NAT",2005,
MKD,"NAT",2005,
MLT,"NAT",2005,2823
NLD,"NAT",2005,4883
NOR,"NAT",2005,235176
POL,"NAT",2005,26133
PRT,"NAT",2005,48978
ROU,"NAT",2005,14300
RS,"NAT",2005,
SWE,"NAT",2005,130424
SVN,"NAT",2005,41
SVK,"NAT",2005,2110
TUR,"NAT",2005,
GBR,"NAT",2005,481976
AUT,TOTAL,2005,280643
BEL,TOTAL,2005,217616
BGR,TOTAL,2005,
CHE,TOTAL,2005,382382
CYP,TOTAL,2005,59720
CZE,TOTAL,2005,156956
DEU,TOTAL,2005,1616746
DNK,TOTAL,2005,301401
EST,TOTAL,2005,24344
GRC,TOTAL,2005,298754
ESP,TOTAL,2005,1272290
FIN,TOTAL,2005,179171
FRA,TOTAL,2005,1336730
HRV,TOTAL,2005,
HUN,TOTAL,2005,109640
IRL,TOTAL,2005,224577
ISL,TOTAL,2005,14273
ITA,TOTAL,2005,985423
LTU,TOTAL,2005,31023
LUX,TOTAL,2005,39256
LVA,TOTAL,2005,30343
MNE,TOTAL,2005,
MKD,TOTAL,2005,
MLT,TOTAL,2005,28737
NLD,TOTAL,2005,425681
NOR,TOTAL,2005,382029
POL,TOTAL,2005,123492
PRT,TOTAL,2005,217501
ROU,TOTAL,2005,72673
RS,TOTAL,2005,
SWE,TOTAL,2005,316792
SVN,TOTAL,2005,25870
SVK,TOTAL,2005,26420
TUR,TOTAL,2005,
GBR,TOTAL,2005,1854589
AUT,INTL,2004,254685
BEL,INTL,2004,220476
BGR,INTL,2004,
CHE,INTL,2004,363512
CYP,INTL,2004,55247
CZE,INTL,2004,131090
DEU,INTL,2004,1213362
DNK,INTL,2004,257666
EST,INTL,2004,17755
GRC,INTL,2004,202233
ESP,INTL,2004,756723
FIN,INTL,2004,117369
FRA,INTL,2004,934129
HRV,INTL,2004,
HUN,INTL,2004,97878
IRL,INTL,2004,180396
ISL,INTL,2004,13547
ITA,INTL,2004,633498
LTU,INTL,2004,
LUX,INTL,2004,39570
LVA,INTL,2004,23317
MNE,INTL,2004,
MKD,INTL,2004,
MLT,INTL,2004,25955
NLD,INTL,2004,415967
NOR,INTL,2004,141276
POL,INTL,2004,89347
PRT,INTL,2004,155002
ROU,INTL,2004,53392
RS,INTL,2004,
SWE,INTL,2004,191959
SVN,INTL,2004,22778
SVK,INTL,2004,21554
TUR,INTL,2004,
GBR,INTL,2004,1297881
AUT,"NAT",2004,18972
BEL,"NAT",2004,102
BGR,"NAT",2004,
CHE,"NAT",2004,12869
CYP,"NAT",2004,2583
CZE,"NAT",2004,9238
DEU,"NAT",2004,329919
DNK,"NAT",2004,48590
EST,"NAT",2004,2012
GRC,"NAT",2004,101970
ESP,"NAT",2004,423319
FIN,"NAT",2004,63518
FRA,"NAT",2004,415064
HRV,"NAT",2004,
HUN,"NAT",2004,6
IRL,"NAT",2004,19625
ISL,"NAT",2004,150
ITA,"NAT",2004,295260
LTU,"NAT",2004,
LUX,"NAT",2004,
LVA,"NAT",2004,23
MNE,"NAT",2004,
MKD,"NAT",2004,
MLT,"NAT",2004,4372
NLD,"NAT",2004,5860
NOR,"NAT",2004,232838
POL,"NAT",2004,27722
PRT,"NAT",2004,46058
ROU,"NAT",2004,14323
RS,"NAT",2004,
SWE,"NAT",2004,136268
SVN,"NAT",2004,31
SVK,"NAT",2004,1870
TUR,"NAT",2004,
GBR,"NAT",2004,451160
AUT,TOTAL,2004,273657
BEL,TOTAL,2004,220578
BGR,TOTAL,2004,
CHE,TOTAL,2004,376381
CYP,TOTAL,2004,57830
CZE,TOTAL,2004,140328
DEU,TOTAL,2004,1543281
DNK,TOTAL,2004,306256
EST,TOTAL,2004,19767
GRC,TOTAL,2004,304203
ESP,TOTAL,2004,1180042
FIN,TOTAL,2004,180887
FRA,TOTAL,2004,1349193
HRV,TOTAL,2004,
HUN,TOTAL,2004,97884
IRL,TOTAL,2004,200021
ISL,TOTAL,2004,13697
ITA,TOTAL,2004,928758
LTU,TOTAL,2004,
LUX,TOTAL,2004,39570
LVA,TOTAL,2004,23340
MNE,TOTAL,2004,
MKD,TOTAL,2004,
MLT,TOTAL,2004,30327
NLD,TOTAL,2004,421827
NOR,TOTAL,2004,374114
POL,TOTAL,2004,117069
PRT,TOTAL,2004,201060
ROU,TOTAL,2004,67715
RS,TOTAL,2004,
SWE,TOTAL,2004,328227
SVN,TOTAL,2004,22809
SVK,TOTAL,2004,23424
TUR,TOTAL,2004,
GBR,TOTAL,2004,1749041
AUT,INTL,2003,224964
BEL,INTL,2003,208129
BGR,INTL,2003,
CHE,INTL,2003,367694
CYP,INTL,2003,60469
CZE,INTL,2003,103209
DEU,INTL,2003,1106146
DNK,INTL,2003,241328
EST,INTL,2003,15062
GRC,INTL,2003,188824
ESP,INTL,2003,694558
FIN,INTL,2003,107078
FRA,INTL,2003,914889
HRV,INTL,2003,
HUN,INTL,2003,76781
IRL,INTL,2003,178224
ISL,INTL,2003,11578
ITA,INTL,2003,602612
LTU,INTL,2003,
LUX,INTL,2003,2771
LVA,INTL,2003,19504
MNE,INTL,2003,
MKD,INTL,2003,
MLT,INTL,2003,25529
NLD,INTL,2003,402148
NOR,INTL,2003,125823
POL,INTL,2003,
PRT,INTL,2003,152845
ROU,INTL,2003,
RS,INTL,2003,
SWE,INTL,2003,180060
SVN,INTL,2003,
SVK,INTL,2003,13618
TUR,INTL,2003,
GBR,INTL,2003,1232469
AUT,"NAT",2003,19412
BEL,"NAT",2003,106
BGR,"NAT",2003,
CHE,"NAT",2003,18667
CYP,"NAT",2003,2871
CZE,"NAT",2003,7080
DEU,"NAT",2003,325415
DNK,"NAT",2003,37824
EST,"NAT",2003,2248
GRC,"NAT",2003,89798
ESP,"NAT",2003,377243
FIN,"NAT",2003,62505
FRA,"NAT",2003,415064
HRV,"NAT",2003,
HUN,"NAT",2003,4
IRL,"NAT",2003,21373
ISL,"NAT",2003,51
ITA,"NAT",2003,309102
LTU,"NAT",2003,
LUX,"NAT",2003,
LVA,"NAT",2003,
MNE,"NAT",2003,
MKD,"NAT",2003,
MLT,"NAT",2003,4882
NLD,"NAT",2003,6876
NOR,"NAT",2003,224433
POL,"NAT",2003,
PRT,"NAT",2003,40547
ROU,"NAT",2003,
RS,"NAT",2003,
SWE,"NAT",2003,132283
SVN,"NAT",2003,
SVK,"NAT",2003,1773
TUR,"NAT",2003,
GBR,"NAT",2003,426559
AUT,TOTAL,2003,244376
BEL,TOTAL,2003,208235
BGR,TOTAL,2003,
CHE,TOTAL,2003,386361
CYP,TOTAL,2003,63340
CZE,TOTAL,2003,110289
DEU,TOTAL,2003,1431561
DNK,TOTAL,2003,279152
EST,TOTAL,2003,17310
GRC,TOTAL,2003,278622
ESP,TOTAL,2003,1071801
FIN,TOTAL,2003,169583
FRA,TOTAL,2003,1329953
HRV,TOTAL,2003,
HUN,TOTAL,2003,76785
IRL,TOTAL,2003,199597
ISL,TOTAL,2003,11629
ITA,TOTAL,2003,911714
LTU,TOTAL,2003,
LUX,TOTAL,2003,2771
LVA,TOTAL,2003,19504
MNE,TOTAL,2003,
MKD,TOTAL,2003,
MLT,TOTAL,2003,30411
NLD,TOTAL,2003,409024
NOR,TOTAL,2003,350256
POL,TOTAL,2003,
PRT,TOTAL,2003,193392
ROU,TOTAL,2003,
RS,TOTAL,2003,
SWE,TOTAL,2003,312343
SVN,TOTAL,2003,
SVK,TOTAL,2003,15391
TUR,TOTAL,2003,
GBR,TOTAL,2003,1659028
AUT,INTL,2002,212020
BEL,INTL,2002,200654
BGR,INTL,2002,
CHE,INTL,2002,442813
CYP,INTL,2002,
CZE,INTL,2002,52880
DEU,INTL,2002,0
DNK,INTL,2002,242779
EST,INTL,2002,15637
GRC,INTL,2002,
ESP,INTL,2002,689019
FIN,INTL,2002,97710
FRA,INTL,2002,914083
HRV,INTL,2002,
HUN,INTL,2002,66729
IRL,INTL,2002,177329
ISL,INTL,2002,
ITA,INTL,2002,499593
LTU,INTL,2002,
LUX,INTL,2002,3212
LVA,INTL,2002,18417
MNE,INTL,2002,
MKD,INTL,2002,
MLT,INTL,2002,25081
NLD,INTL,2002,74967
NOR,INTL,2002,121934
POL,INTL,2002,
PRT,INTL,2002,148556
ROU,INTL,2002,
RS,INTL,2002,
SWE,INTL,2002,187427
SVN,INTL,2002,
SVK,INTL,2002,9262
TUR,INTL,2002,
GBR,INTL,2002,624437
AUT,"NAT",2002,20331
BEL,"NAT",2002,102
BGR,"NAT",2002,
CHE,"NAT",2002,92997
CYP,"NAT",2002,
CZE,"NAT",2002,4195
DEU,"NAT",2002,0
DNK,"NAT",2002,35345
EST,"NAT",2002,2035
GRC,"NAT",2002,
ESP,"NAT",2002,364301
FIN,"NAT",2002,61791
FRA,"NAT",2002,432993
HRV,"NAT",2002,
HUN,"NAT",2002,2
IRL,"NAT",2002,19331
ISL,"NAT",2002,
ITA,"NAT",2002,284019
LTU,"NAT",2002,
LUX,"NAT",2002,
LVA,"NAT",2002,
MNE,"NAT",2002,
MKD,"NAT",2002,
MLT,"NAT",2002,4829
NLD,"NAT",2002,6541
NOR,"NAT",2002,219901
POL,"NAT",2002,
PRT,"NAT",2002,41153
ROU,"NAT",2002,
RS,"NAT",2002,
SWE,"NAT",2002,138701
SVN,"NAT",2002,
SVK,"NAT",2002,1783
TUR,"NAT",2002,
GBR,"NAT",2002,244223
AUT,TOTAL,2002,232351
BEL,TOTAL,2002,200756
BGR,TOTAL,2002,
CHE,TOTAL,2002,535810
CYP,TOTAL,2002,
CZE,TOTAL,2002,57075
DEU,TOTAL,2002,0
DNK,TOTAL,2002,278124
EST,TOTAL,2002,17672
GRC,TOTAL,2002,
ESP,TOTAL,2002,1053320
FIN,TOTAL,2002,159501
FRA,TOTAL,2002,1347076
HRV,TOTAL,2002,
HUN,TOTAL,2002,66731
IRL,TOTAL,2002,196660
ISL,TOTAL,2002,
ITA,TOTAL,2002,783612
LTU,TOTAL,2002,
LUX,TOTAL,2002,3212
LVA,TOTAL,2002,18417
MNE,TOTAL,2002,
MKD,TOTAL,2002,
MLT,TOTAL,2002,29910
NLD,TOTAL,2002,81508
NOR,TOTAL,2002,341835
POL,TOTAL,2002,
PRT,TOTAL,2002,189709
ROU,TOTAL,2002,
RS,TOTAL,2002,
SWE,TOTAL,2002,326128
SVN,TOTAL,2002,
SVK,TOTAL,2002,11045
TUR,TOTAL,2002,
GBR,TOTAL,2002,868660
AUT,INTL,2001,212914
BEL,INTL,2001,272854
BGR,INTL,2001,
CHE,INTL,2001,26920
CYP,INTL,2001,61883
CZE,INTL,2001,
DEU,INTL,2001,
DNK,INTL,2001,260188
EST,INTL,2001,16263
GRC,INTL,2001,
ESP,INTL,2001,672484
FIN,INTL,2001,101565
FRA,INTL,2001,
HRV,INTL,2001,
HUN,INTL,2001,68392
IRL,INTL,2001,177445
ISL,INTL,2001,
ITA,INTL,2001,260731
LTU,INTL,2001,
LUX,INTL,2001,1248
LVA,INTL,2001,18910
MNE,INTL,2001,
MKD,INTL,2001,
MLT,INTL,2001,27082
NLD,INTL,2001,79816
NOR,INTL,2001,123308
POL,INTL,2001,
PRT,INTL,2001,3569
ROU,INTL,2001,
RS,INTL,2001,
SWE,INTL,2001,213560
SVN,INTL,2001,
SVK,INTL,2001,8168
TUR,INTL,2001,
GBR,INTL,2001,697164
AUT,"NAT",2001,18911
BEL,"NAT",2001,2753
BGR,"NAT",2001,
CHE,"NAT",2001,905
CYP,"NAT",2001,2351
CZE,"NAT",2001,
DEU,"NAT",2001,
DNK,"NAT",2001,33521
EST,"NAT",2001,666
GRC,"NAT",2001,
ESP,"NAT",2001,384029
FIN,"NAT",2001,65999
FRA,"NAT",2001,
HRV,"NAT",2001,
HUN,"NAT",2001,3
IRL,"NAT",2001,20021
ISL,"NAT",2001,
ITA,"NAT",2001,232668
LTU,"NAT",2001,
LUX,"NAT",2001,
LVA,"NAT",2001,
MNE,"NAT",2001,
MKD,"NAT",2001,
MLT,"NAT",2001,
NLD,"NAT",2001,7348
NOR,"NAT",2001,242386
POL,"NAT",2001,
PRT,"NAT",2001,420
ROU,"NAT",2001,
RS,"NAT",2001,
SWE,"NAT",2001,150189
SVN,"NAT",2001,
SVK,"NAT",2001,840
TUR,"NAT",2001,
GBR,"NAT",2001,269427
AUT,TOTAL,2001,231825
BEL,TOTAL,2001,275607
BGR,TOTAL,2001,
CHE,TOTAL,2001,27825
CYP,TOTAL,2001,64234
CZE,TOTAL,2001,
DEU,TOTAL,2001,
DNK,TOTAL,2001,293709
EST,TOTAL,2001,16929
GRC,TOTAL,2001,
ESP,TOTAL,2001,1056513
FIN,TOTAL,2001,167564
FRA,TOTAL,2001,
HRV,TOTAL,2001,
HUN,TOTAL,2001,68395
IRL,TOTAL,2001,197466
ISL,TOTAL,2001,
ITA,TOTAL,2001,493399
LTU,TOTAL,2001,
LUX,TOTAL,2001,1248
LVA,TOTAL,2001,18910
MNE,TOTAL,2001,
MKD,TOTAL,2001,
MLT,TOTAL,2001,27082
NLD,TOTAL,2001,87164
NOR,TOTAL,2001,365694
POL,TOTAL,2001,
PRT,TOTAL,2001,3989
ROU,TOTAL,2001,
RS,TOTAL,2001,
SWE,TOTAL,2001,363749
SVN,TOTAL,2001,
SVK,TOTAL,2001,9008
TUR,TOTAL,2001,
GBR,TOTAL,2001,966591
AUT,INTL,2000,218264
BEL,INTL,2000,281321
BGR,INTL,2000,
CHE,INTL,2000,27469
CYP,INTL,2000,
CZE,INTL,2000,
DEU,INTL,2000,
DNK,INTL,2000,
EST,INTL,2000,
GRC,INTL,2000,
ESP,INTL,2000,676493
FIN,INTL,2000,95991
FRA,INTL,2000,
HRV,INTL,2000,
HUN,INTL,2000,
IRL,INTL,2000,166767
ISL,INTL,2000,
ITA,INTL,2000,139833
LTU,INTL,2000,
LUX,INTL,2000,2454
LVA,INTL,2000,
MNE,INTL,2000,
MKD,INTL,2000,
MLT,INTL,2000,
NLD,INTL,2000,
NOR,INTL,2000,120121
POL,INTL,2000,
PRT,INTL,2000,
ROU,INTL,2000,
RS,INTL,2000,
SWE,INTL,2000,218918
SVN,INTL,2000,
SVK,INTL,2000,
TUR,INTL,2000,
GBR,INTL,2000,1276672
AUT,"NAT",2000,21093
BEL,"NAT",2000,100
BGR,"NAT",2000,
CHE,"NAT",2000,1050
CYP,"NAT",2000,
CZE,"NAT",2000,
DEU,"NAT",2000,
DNK,"NAT",2000,
EST,"NAT",2000,
GRC,"NAT",2000,
ESP,"NAT",2000,418723
FIN,"NAT",2000,67724
FRA,"NAT",2000,
HRV,"NAT",2000,
HUN,"NAT",2000,
IRL,"NAT",2000,18206
ISL,"NAT",2000,
ITA,"NAT",2000,48255
LTU,"NAT",2000,
LUX,"NAT",2000,
LVA,"NAT",2000,
MNE,"NAT",2000,
MKD,"NAT",2000,
MLT,"NAT",2000,
NLD,"NAT",2000,
NOR,"NAT",2000,235521
POL,"NAT",2000,
PRT,"NAT",2000,
ROU,"NAT",2000,
RS,"NAT",2000,
SWE,"NAT",2000,153936
SVN,"NAT",2000,
SVK,"NAT",2000,
TUR,"NAT",2000,
GBR,"NAT",2000,405621
AUT,TOTAL,2000,239357
BEL,TOTAL,2000,281421
BGR,TOTAL,2000,
CHE,TOTAL,2000,28519
CYP,TOTAL,2000,
CZE,TOTAL,2000,
DEU,TOTAL,2000,
DNK,TOTAL,2000,
EST,TOTAL,2000,
GRC,TOTAL,2000,
ESP,TOTAL,2000,1095216
FIN,TOTAL,2000,163715
FRA,TOTAL,2000,
HRV,TOTAL,2000,
HUN,TOTAL,2000,
IRL,TOTAL,2000,184973
ISL,TOTAL,2000,
ITA,TOTAL,2000,188088
LTU,TOTAL,2000,
LUX,TOTAL,2000,2454
LVA,TOTAL,2000,
MNE,TOTAL,2000,
MKD,TOTAL,2000,
MLT,TOTAL,2000,
NLD,TOTAL,2000,
NOR,TOTAL,2000,355642
POL,TOTAL,2000,
PRT,TOTAL,2000,
ROU,TOTAL,2000,
RS,TOTAL,2000,
SWE,TOTAL,2000,372854
SVN,TOTAL,2000,
SVK,TOTAL,2000,
TUR,TOTAL,2000,
GBR,TOTAL,2000,1682293
AUT,INTL,1999,199088
BEL,INTL,1999,267180
BGR,INTL,1999,
CHE,INTL,1999,350866
CYP,INTL,1999,
CZE,INTL,1999,
DEU,INTL,1999,122878
DNK,INTL,1999,
EST,INTL,1999,
GRC,INTL,1999,
ESP,INTL,1999,
FIN,INTL,1999,90838
FRA,INTL,1999,
HRV,INTL,1999,
HUN,INTL,1999,
IRL,INTL,1999,157092
ISL,INTL,1999,
ITA,INTL,1999,119638
LTU,INTL,1999,
LUX,INTL,1999,2267
LVA,INTL,1999,
MNE,INTL,1999,
MKD,INTL,1999,
MLT,INTL,1999,
NLD,INTL,1999,
NOR,INTL,1999,124305
POL,INTL,1999,
PRT,INTL,1999,121762
ROU,INTL,1999,
RS,INTL,1999,
SWE,INTL,1999,210711
SVN,INTL,1999,
SVK,INTL,1999,
TUR,INTL,1999,
GBR,INTL,1999,1105509
AUT,"NAT",1999,18153
BEL,"NAT",1999,54
BGR,"NAT",1999,
CHE,"NAT",1999,33154
CYP,"NAT",1999,
CZE,"NAT",1999,
DEU,"NAT",1999,54363
DNK,"NAT",1999,
EST,"NAT",1999,
GRC,"NAT",1999,
ESP,"NAT",1999,
FIN,"NAT",1999,67141
FRA,"NAT",1999,
HRV,"NAT",1999,
HUN,"NAT",1999,
IRL,"NAT",1999,15503
ISL,"NAT",1999,
ITA,"NAT",1999,42023
LTU,"NAT",1999,
LUX,"NAT",1999,
LVA,"NAT",1999,
MNE,"NAT",1999,
MKD,"NAT",1999,
MLT,"NAT",1999,
NLD,"NAT",1999,
NOR,"NAT",1999,266037
POL,"NAT",1999,
PRT,"NAT",1999,42874
ROU,"NAT",1999,
RS,"NAT",1999,
SWE,"NAT",1999,157758
SVN,"NAT",1999,
SVK,"NAT",1999,
TUR,"NAT",1999,
GBR,"NAT",1999,391735
AUT,TOTAL,1999,217241
BEL,TOTAL,1999,267234
BGR,TOTAL,1999,
CHE,TOTAL,1999,384020
CYP,TOTAL,1999,
CZE,TOTAL,1999,
DEU,TOTAL,1999,177241
DNK,TOTAL,1999,
EST,TOTAL,1999,
GRC,TOTAL,1999,
ESP,TOTAL,1999,
FIN,TOTAL,1999,157979
FRA,TOTAL,1999,
HRV,TOTAL,1999,
HUN,TOTAL,1999,
IRL,TOTAL,1999,172595
ISL,TOTAL,1999,
ITA,TOTAL,1999,161661
LTU,TOTAL,1999,
LUX,TOTAL,1999,2267
LVA,TOTAL,1999,
MNE,TOTAL,1999,
MKD,TOTAL,1999,
MLT,TOTAL,1999,
NLD,TOTAL,1999,
NOR,TOTAL,1999,390342
POL,TOTAL,1999,
PRT,TOTAL,1999,164636
ROU,TOTAL,1999,
RS,TOTAL,1999,
SWE,TOTAL,1999,368469
SVN,TOTAL,1999,
SVK,TOTAL,1999,
TUR,TOTAL,1999,
GBR,TOTAL,1999,1497244
AUT,INTL,1998,194478
BEL,INTL,1998,
BGR,INTL,1998,
CHE,INTL,1998,328691
CYP,INTL,1998,
CZE,INTL,1998,
DEU,INTL,1998,
DNK,INTL,1998,
EST,INTL,1998,
GRC,INTL,1998,
ESP,INTL,1998,
FIN,INTL,1998,88410
FRA,INTL,1998,
HRV,INTL,1998,
HUN,INTL,1998,
IRL,INTL,1998,
ISL,INTL,1998,
ITA,INTL,1998,
LTU,INTL,1998,
LUX,INTL,1998,7012
LVA,INTL,1998,
MNE,INTL,1998,
MKD,INTL,1998,
MLT,INTL,1998,
NLD,INTL,1998,79483
NOR,INTL,1998,
POL,INTL,1998,
PRT,INTL,1998,109070
ROU,INTL,1998,
RS,INTL,1998,
SWE,INTL,1998,0
SVN,INTL,1998,
SVK,INTL,1998,
TUR,INTL,1998,
GBR,INTL,1998,1024823
AUT,"NAT",1998,19246
BEL,"NAT",1998,
BGR,"NAT",1998,
CHE,"NAT",1998,31360
CYP,"NAT",1998,
CZE,"NAT",1998,
DEU,"NAT",1998,
DNK,"NAT",1998,
EST,"NAT",1998,
GRC,"NAT",1998,
ESP,"NAT",1998,
FIN,"NAT",1998,74581
FRA,"NAT",1998,
HRV,"NAT",1998,
HUN,"NAT",1998,
IRL,"NAT",1998,
ISL,"NAT",1998,
ITA,"NAT",1998,
LTU,"NAT",1998,
LUX,"NAT",1998,
LVA,"NAT",1998,
MNE,"NAT",1998,
MKD,"NAT",1998,
MLT,"NAT",1998,
NLD,"NAT",1998,
NOR,"NAT",1998,
POL,"NAT",1998,
PRT,"NAT",1998,39912
ROU,"NAT",1998,
RS,"NAT",1998,
SWE,"NAT",1998,0
SVN,"NAT",1998,
SVK,"NAT",1998,
TUR,"NAT",1998,
GBR,"NAT",1998,395603
AUT,TOTAL,1998,213724
BEL,TOTAL,1998,
BGR,TOTAL,1998,
CHE,TOTAL,1998,360051
CYP,TOTAL,1998,
CZE,TOTAL,1998,
DEU,TOTAL,1998,
DNK,TOTAL,1998,
EST,TOTAL,1998,
GRC,TOTAL,1998,
ESP,TOTAL,1998,
FIN,TOTAL,1998,162991
FRA,TOTAL,1998,
HRV,TOTAL,1998,
HUN,TOTAL,1998,
IRL,TOTAL,1998,
ISL,TOTAL,1998,
ITA,TOTAL,1998,
LTU,TOTAL,1998,
LUX,TOTAL,1998,7012
LVA,TOTAL,1998,
MNE,TOTAL,1998,
MKD,TOTAL,1998,
MLT,TOTAL,1998,
NLD,TOTAL,1998,79483
NOR,TOTAL,1998,
POL,TOTAL,1998,
PRT,TOTAL,1998,148982
ROU,TOTAL,1998,
RS,TOTAL,1998,
SWE,TOTAL,1998,0
SVN,TOTAL,1998,
SVK,TOTAL,1998,
TUR,TOTAL,1998,
GBR,TOTAL,1998,1420426
AUT,INTL,1997,187462
BEL,INTL,1997,
BGR,INTL,1997,
CHE,INTL,1997,315682
CYP,INTL,1997,
CZE,INTL,1997,
DEU,INTL,1997,99751
DNK,INTL,1997,218577
EST,INTL,1997,
GRC,INTL,1997,
ESP,INTL,1997,
FIN,INTL,1997,2167
FRA,INTL,1997,
HRV,INTL,1997,
HUN,INTL,1997,
IRL,INTL,1997,
ISL,INTL,1997,
ITA,INTL,1997,
LTU,INTL,1997,
LUX,INTL,1997,7424
LVA,INTL,1997,
MNE,INTL,1997,
MKD,INTL,1997,
MLT,INTL,1997,
NLD,INTL,1997,
NOR,INTL,1997,
POL,INTL,1997,
PRT,INTL,1997,93739
ROU,INTL,1997,
RS,INTL,1997,
SWE,INTL,1997,0
SVN,INTL,1997,
SVK,INTL,1997,
TUR,INTL,1997,
GBR,INTL,1997,991324
AUT,"NAT",1997,18455
BEL,"NAT",1997,
BGR,"NAT",1997,
CHE,"NAT",1997,30046
CYP,"NAT",1997,
CZE,"NAT",1997,
DEU,"NAT",1997,
DNK,"NAT",1997,
EST,"NAT",1997,
GRC,"NAT",1997,
ESP,"NAT",1997,
FIN,"NAT",1997,
FRA,"NAT",1997,
HRV,"NAT",1997,
HUN,"NAT",1997,
IRL,"NAT",1997,
ISL,"NAT",1997,
ITA,"NAT",1997,
LTU,"NAT",1997,
LUX,"NAT",1997,
LVA,"NAT",1997,
MNE,"NAT",1997,
MKD,"NAT",1997,
MLT,"NAT",1997,
NLD,"NAT",1997,
NOR,"NAT",1997,
POL,"NAT",1997,
PRT,"NAT",1997,34606
ROU,"NAT",1997,
RS,"NAT",1997,
SWE,"NAT",1997,0
SVN,"NAT",1997,
SVK,"NAT",1997,
TUR,"NAT",1997,
GBR,"NAT",1997,
AUT,TOTAL,1997,205917
BEL,TOTAL,1997,
BGR,TOTAL,1997,
CHE,TOTAL,1997,345728
CYP,TOTAL,1997,
CZE,TOTAL,1997,
DEU,TOTAL,1997,99751
DNK,TOTAL,1997,218577
EST,TOTAL,1997,
GRC,TOTAL,1997,
ESP,TOTAL,1997,
FIN,TOTAL,1997,2167
FRA,TOTAL,1997,
HRV,TOTAL,1997,
HUN,TOTAL,1997,
IRL,TOTAL,1997,
ISL,TOTAL,1997,
ITA,TOTAL,1997,
LTU,TOTAL,1997,
LUX,TOTAL,1997,7424
LVA,TOTAL,1997,
MNE,TOTAL,1997,
MKD,TOTAL,1997,
MLT,TOTAL,1997,
NLD,TOTAL,1997,
NOR,TOTAL,1997,
POL,TOTAL,1997,
PRT,TOTAL,1997,128345
ROU,TOTAL,1997,
RS,TOTAL,1997,
SWE,TOTAL,1997,0
SVN,TOTAL,1997,
SVK,TOTAL,1997,
TUR,TOTAL,1997,
GBR,TOTAL,1997,991324
AUT,INTL,1996,185112
BEL,INTL,1996,
BGR,INTL,1996,
CHE,INTL,1996,297354
CYP,INTL,1996,
CZE,INTL,1996,
DEU,INTL,1996,100097
DNK,INTL,1996,204881
EST,INTL,1996,
GRC,INTL,1996,
ESP,INTL,1996,
FIN,INTL,1996,
FRA,INTL,1996,
HRV,INTL,1996,
HUN,INTL,1996,
IRL,INTL,1996,
ISL,INTL,1996,
ITA,INTL,1996,
LTU,INTL,1996,
LUX,INTL,1996,6066
LVA,INTL,1996,
MNE,INTL,1996,
MKD,INTL,1996,
MLT,INTL,1996,
NLD,INTL,1996,
NOR,INTL,1996,
POL,INTL,1996,
PRT,INTL,1996,14785
ROU,INTL,1996,
RS,INTL,1996,
SWE,INTL,1996,0
SVN,INTL,1996,
SVK,INTL,1996,
TUR,INTL,1996,
GBR,INTL,1996,932320
AUT,"NAT",1996,18366
BEL,"NAT",1996,
BGR,"NAT",1996,
CHE,"NAT",1996,35613
CYP,"NAT",1996,
CZE,"NAT",1996,
DEU,"NAT",1996,
DNK,"NAT",1996,
EST,"NAT",1996,
GRC,"NAT",1996,
ESP,"NAT",1996,
FIN,"NAT",1996,
FRA,"NAT",1996,
HRV,"NAT",1996,
HUN,"NAT",1996,
IRL,"NAT",1996,
ISL,"NAT",1996,
ITA,"NAT",1996,
LTU,"NAT",1996,
LUX,"NAT",1996,
LVA,"NAT",1996,
MNE,"NAT",1996,
MKD,"NAT",1996,
MLT,"NAT",1996,
NLD,"NAT",1996,
NOR,"NAT",1996,
POL,"NAT",1996,
PRT,"NAT",1996,494
ROU,"NAT",1996,
RS,"NAT",1996,
SWE,"NAT",1996,0
SVN,"NAT",1996,
SVK,"NAT",1996,
TUR,"NAT",1996,
GBR,"NAT",1996,
AUT,TOTAL,1996,203478
BEL,TOTAL,1996,
BGR,TOTAL,1996,
CHE,TOTAL,1996,332967
CYP,TOTAL,1996,
CZE,TOTAL,1996,
DEU,TOTAL,1996,100097
DNK,TOTAL,1996,204881
EST,TOTAL,1996,
GRC,TOTAL,1996,
ESP,TOTAL,1996,
FIN,TOTAL,1996,
FRA,TOTAL,1996,
HRV,TOTAL,1996,
HUN,TOTAL,1996,
IRL,TOTAL,1996,
ISL,TOTAL,1996,
ITA,TOTAL,1996,
LTU,TOTAL,1996,
LUX,TOTAL,1996,6066
LVA,TOTAL,1996,
MNE,TOTAL,1996,
MKD,TOTAL,1996,
MLT,TOTAL,1996,
NLD,TOTAL,1996,
NOR,TOTAL,1996,
POL,TOTAL,1996,
PRT,TOTAL,1996,15279
ROU,TOTAL,1996,
RS,TOTAL,1996,
SWE,TOTAL,1996,0
SVN,TOTAL,1996,
SVK,TOTAL,1996,
TUR,TOTAL,1996,
GBR,TOTAL,1996,932320
AUT,INTL,1995,40260
BEL,INTL,1995,
BGR,INTL,1995,
CHE,INTL,1995,277178
CYP,INTL,1995,
CZE,INTL,1995,
DEU,INTL,1995,101110
DNK,INTL,1995,160506
EST,INTL,1995,
GRC,INTL,1995,
ESP,INTL,1995,
FIN,INTL,1995,
FRA,INTL,1995,
HRV,INTL,1995,
HUN,INTL,1995,
IRL,INTL,1995,
ISL,INTL,1995,
ITA,INTL,1995,
LTU,INTL,1995,
LUX,INTL,1995,6530
LVA,INTL,1995,
MNE,INTL,1995,
MKD,INTL,1995,
MLT,INTL,1995,
NLD,INTL,1995,
NOR,INTL,1995,
POL,INTL,1995,
PRT,INTL,1995,
ROU,INTL,1995,
RS,INTL,1995,
SWE,INTL,1995,0
SVN,INTL,1995,
SVK,INTL,1995,
TUR,INTL,1995,
GBR,INTL,1995,889151
AUT,"NAT",1995,10970
BEL,"NAT",1995,
BGR,"NAT",1995,
CHE,"NAT",1995,34986
CYP,"NAT",1995,
CZE,"NAT",1995,
DEU,"NAT",1995,
DNK,"NAT",1995,51062
EST,"NAT",1995,
GRC,"NAT",1995,
ESP,"NAT",1995,
FIN,"NAT",1995,
FRA,"NAT",1995,
HRV,"NAT",1995,
HUN,"NAT",1995,
IRL,"NAT",1995,
ISL,"NAT",1995,
ITA,"NAT",1995,
LTU,"NAT",1995,
LUX,"NAT",1995,
LVA,"NAT",1995,
MNE,"NAT",1995,
MKD,"NAT",1995,
MLT,"NAT",1995,
NLD,"NAT",1995,
NOR,"NAT",1995,
POL,"NAT",1995,
PRT,"NAT",1995,
ROU,"NAT",1995,
RS,"NAT",1995,
SWE,"NAT",1995,0
SVN,"NAT",1995,
SVK,"NAT",1995,
TUR,"NAT",1995,
GBR,"NAT",1995,
AUT,TOTAL,1995,51230
BEL,TOTAL,1995,
BGR,TOTAL,1995,
CHE,TOTAL,1995,312164
CYP,TOTAL,1995,
CZE,TOTAL,1995,
DEU,TOTAL,1995,101110
DNK,TOTAL,1995,211568
EST,TOTAL,1995,
GRC,TOTAL,1995,
ESP,TOTAL,1995,
FIN,TOTAL,1995,
FRA,TOTAL,1995,
HRV,TOTAL,1995,
HUN,TOTAL,1995,
IRL,TOTAL,1995,
ISL,TOTAL,1995,
ITA,TOTAL,1995,
LTU,TOTAL,1995,
LUX,TOTAL,1995,6530
LVA,TOTAL,1995,
MNE,TOTAL,1995,
MKD,TOTAL,1995,
MLT,TOTAL,1995,
NLD,TOTAL,1995,
NOR,TOTAL,1995,
POL,TOTAL,1995,
PRT,TOTAL,1995,
ROU,TOTAL,1995,
RS,TOTAL,1995,
SWE,TOTAL,1995,0
SVN,TOTAL,1995,
SVK,TOTAL,1995,
TUR,TOTAL,1995,
GBR,TOTAL,1995,889151
AUT,INTL,1994,34390
BEL,INTL,1994,
BGR,INTL,1994,
CHE,INTL,1994,266709
CYP,INTL,1994,
CZE,INTL,1994,
DEU,INTL,1994,92536
DNK,INTL,1994,153863
EST,INTL,1994,
GRC,INTL,1994,
ESP,INTL,1994,
FIN,INTL,1994,
FRA,INTL,1994,
HRV,INTL,1994,
HUN,INTL,1994,
IRL,INTL,1994,
ISL,INTL,1994,
ITA,INTL,1994,
LTU,INTL,1994,
LUX,INTL,1994,4934
LVA,INTL,1994,
MNE,INTL,1994,
MKD,INTL,1994,
MLT,INTL,1994,
NLD,INTL,1994,
NOR,INTL,1994,
POL,INTL,1994,
PRT,INTL,1994,
ROU,INTL,1994,
RS,INTL,1994,
SWE,INTL,1994,0
SVN,INTL,1994,
SVK,INTL,1994,
TUR,INTL,1994,
GBR,INTL,1994,845353
AUT,"NAT",1994,10946
BEL,"NAT",1994,
BGR,"NAT",1994,
CHE,"NAT",1994,35550
CYP,"NAT",1994,
CZE,"NAT",1994,
DEU,"NAT",1994,
DNK,"NAT",1994,
EST,"NAT",1994,
GRC,"NAT",1994,
ESP,"NAT",1994,
FIN,"NAT",1994,
FRA,"NAT",1994,
HRV,"NAT",1994,
HUN,"NAT",1994,
IRL,"NAT",1994,
ISL,"NAT",1994,
ITA,"NAT",1994,
LTU,"NAT",1994,
LUX,"NAT",1994,
LVA,"NAT",1994,
MNE,"NAT",1994,
MKD,"NAT",1994,
MLT,"NAT",1994,
NLD,"NAT",1994,
NOR,"NAT",1994,
POL,"NAT",1994,
PRT,"NAT",1994,
ROU,"NAT",1994,
RS,"NAT",1994,
SWE,"NAT",1994,0
SVN,"NAT",1994,
SVK,"NAT",1994,
TUR,"NAT",1994,
GBR,"NAT",1994,
AUT,TOTAL,1994,45336
BEL,TOTAL,1994,
BGR,TOTAL,1994,
CHE,TOTAL,1994,302259
CYP,TOTAL,1994,
CZE,TOTAL,1994,
DEU,TOTAL,1994,92536
DNK,TOTAL,1994,153863
EST,TOTAL,1994,
GRC,TOTAL,1994,
ESP,TOTAL,1994,
FIN,TOTAL,1994,
FRA,TOTAL,1994,
HRV,TOTAL,1994,
HUN,TOTAL,1994,
IRL,TOTAL,1994,
ISL,TOTAL,1994,
ITA,TOTAL,1994,
LTU,TOTAL,1994,
LUX,TOTAL,1994,4934
LVA,TOTAL,1994,
MNE,TOTAL,1994,
MKD,TOTAL,1994,
MLT,TOTAL,1994,
NLD,TOTAL,1994,
NOR,TOTAL,1994,
POL,TOTAL,1994,
PRT,TOTAL,1994,
ROU,TOTAL,1994,
RS,TOTAL,1994,
SWE,TOTAL,1994,0
SVN,TOTAL,1994,
SVK,TOTAL,1994,
TUR,TOTAL,1994,
GBR,TOTAL,1994,845353
AUT,INTL,1993,34974
BEL,INTL,1993,
BGR,INTL,1993,
CHE,INTL,1993,257690
CYP,INTL,1993,
CZE,INTL,1993,
DEU,INTL,1993,89101
DNK,INTL,1993,150483
EST,INTL,1993,
GRC,INTL,1993,
ESP,INTL,1993,
FIN,INTL,1993,
FRA,INTL,1993,
HRV,INTL,1993,
HUN,INTL,1993,
IRL,INTL,1993,
ISL,INTL,1993,
ITA,INTL,1993,
LTU,INTL,1993,
LUX,INTL,1993,31267
LVA,INTL,1993,
MNE,INTL,1993,
MKD,INTL,1993,
MLT,INTL,1993,
NLD,INTL,1993,
NOR,INTL,1993,
POL,INTL,1993,
PRT,INTL,1993,
ROU,INTL,1993,
RS,INTL,1993,
SWE,INTL,1993,0
SVN,INTL,1993,
SVK,INTL,1993,
TUR,INTL,1993,
GBR,INTL,1993,
AUT,"NAT",1993,9674
BEL,"NAT",1993,
BGR,"NAT",1993,
CHE,"NAT",1993,33592
CYP,"NAT",1993,
CZE,"NAT",1993,
DEU,"NAT",1993,
DNK,"NAT",1993,
EST,"NAT",1993,
GRC,"NAT",1993,
ESP,"NAT",1993,
FIN,"NAT",1993,
FRA,"NAT",1993,
HRV,"NAT",1993,
HUN,"NAT",1993,
IRL,"NAT",1993,
ISL,"NAT",1993,
ITA,"NAT",1993,
LTU,"NAT",1993,
LUX,"NAT",1993,
LVA,"NAT",1993,
MNE,"NAT",1993,
MKD,"NAT",1993,
MLT,"NAT",1993,
NLD,"NAT",1993,
NOR,"NAT",1993,
POL,"NAT",1993,
PRT,"NAT",1993,
ROU,"NAT",1993,
RS,"NAT",1993,
SWE,"NAT",1993,
SVN,"NAT",1993,
SVK,"NAT",1993,
TUR,"NAT",1993,
GBR,"NAT",1993,
AUT,TOTAL,1993,44648
BEL,TOTAL,1993,
BGR,TOTAL,1993,
CHE,TOTAL,1993,291282
CYP,TOTAL,1993,
CZE,TOTAL,1993,
DEU,TOTAL,1993,89101
DNK,TOTAL,1993,150483
EST,TOTAL,1993,
GRC,TOTAL,1993,
ESP,TOTAL,1993,
FIN,TOTAL,1993,
FRA,TOTAL,1993,
HRV,TOTAL,1993,
HUN,TOTAL,1993,
IRL,TOTAL,1993,
ISL,TOTAL,1993,
ITA,TOTAL,1993,
LTU,TOTAL,1993,
LUX,TOTAL,1993,31267
LVA,TOTAL,1993,
MNE,TOTAL,1993,
MKD,TOTAL,1993,
MLT,TOTAL,1993,
NLD,TOTAL,1993,
NOR,TOTAL,1993,
POL,TOTAL,1993,
PRT,TOTAL,1993,
ROU,TOTAL,1993,
RS,TOTAL,1993,
SWE,TOTAL,1993,0
SVN,TOTAL,1993,
SVK,TOTAL,1993,
TUR,TOTAL,1993,
GBR,TOTAL,1993,
