country,measure,year,flights
AUT,CAF_PAS,2021,113633
BEL,CAF_PAS,2021,121561
BGR,CAF_PAS,2021,43345
CHE,CAF_PAS,2021,176825
CYP,CAF_PAS,2021,40687
CZE,CAF_PAS,2021,47675
DEU,CAF_PAS,2021,692251
DNK,CAF_PAS,2021,121123
EST,CAF_PAS,2021,16484
GRC,CAF_PAS,2021,317412
ESP,CAF_PAS,2021,810392
FIN,CAF_PAS,2021,63695
FRA,CAF_PAS,2021,609636
HRV,CAF_PAS,2021,49780
HUN,CAF_PAS,2021,38691
IRL,CAF_PAS,2021,83216
ISL,CAF_PAS,2021,30508
ITA,CAF_PAS,2021,568003
LTU,CAF_PAS,2021,25523
LUX,CAF_PAS,2021,25771
LVA,CAF_PAS,2021,28677
MNE,CAF_PAS,2021,12219
MKD,CAF_PAS,2021,11137
MLT,CAF_PAS,2021,25776
NLD,CAF_PAS,2021,271333
NOR,CAF_PAS,2021,233258
POL,CAF_PAS,2021,177032
PRT,CAF_PAS,2021,214682
ROU,CAF_PAS,2021,96567
RS,CAF_PAS,2021,
SWE,CAF_PAS,2021,125317
SVN,CAF_PAS,2021,5234
SVK,CAF_PAS,2021,18480
TUR,CAF_PAS,2021,638323
GBR,CAF_PAS,2021,
AUT,CAF_PAS_ARR,2021,58025
BEL,CAF_PAS_ARR,2021,60974
BGR,CAF_PAS_ARR,2021,22776
CHE,CAF_PAS_ARR,2021,89506
CYP,CAF_PAS_ARR,2021,20364
CZE,CAF_PAS_ARR,2021,23820
DEU,CAF_PAS_ARR,2021,377549
DNK,CAF_PAS_ARR,2021,69567
EST,CAF_PAS_ARR,2021,8231
GRC,CAF_PAS_ARR,2021,198986
ESP,CAF_PAS_ARR,2021,534065
FIN,CAF_PAS_ARR,2021,40145
FRA,CAF_PAS_ARR,2021,387228
HRV,CAF_PAS_ARR,2021,27926
HUN,CAF_PAS_ARR,2021,19334
IRL,CAF_PAS_ARR,2021,42135
ISL,CAF_PAS_ARR,2021,18381
ITA,CAF_PAS_ARR,2021,365838
LTU,CAF_PAS_ARR,2021,12781
LUX,CAF_PAS_ARR,2021,12876
LVA,CAF_PAS_ARR,2021,14307
MNE,CAF_PAS_ARR,2021,6116
MKD,CAF_PAS_ARR,2021,5656
MLT,CAF_PAS_ARR,2021,12886
NLD,CAF_PAS_ARR,2021,135547
NOR,CAF_PAS_ARR,2021,190223
POL,CAF_PAS_ARR,2021,94855
PRT,CAF_PAS_ARR,2021,127187
ROU,CAF_PAS_ARR,2021,51406
RS,CAF_PAS_ARR,2021,
SWE,CAF_PAS_ARR,2021,79663
SVN,CAF_PAS_ARR,2021,2619
SVK,CAF_PAS_ARR,2021,14630
TUR,CAF_PAS_ARR,2021,439165
GBR,CAF_PAS_ARR,2021,
AUT,CAF_PAS_DEP,2021,58098
BEL,CAF_PAS_DEP,2021,60591
BGR,CAF_PAS_DEP,2021,22780
CHE,CAF_PAS_DEP,2021,89468
CYP,CAF_PAS_DEP,2021,20361
CZE,CAF_PAS_DEP,2021,23855
DEU,CAF_PAS_DEP,2021,377250
DNK,CAF_PAS_DEP,2021,69661
EST,CAF_PAS_DEP,2021,8254
GRC,CAF_PAS_DEP,2021,199270
ESP,CAF_PAS_DEP,2021,533787
FIN,CAF_PAS_DEP,2021,40292
FRA,CAF_PAS_DEP,2021,386974
HRV,CAF_PAS_DEP,2021,28007
HUN,CAF_PAS_DEP,2021,19369
IRL,CAF_PAS_DEP,2021,42287
ISL,CAF_PAS_DEP,2021,18445
ITA,CAF_PAS_DEP,2021,367545
LTU,CAF_PAS_DEP,2021,12743
LUX,CAF_PAS_DEP,2021,12895
LVA,CAF_PAS_DEP,2021,14370
MNE,CAF_PAS_DEP,2021,6103
MKD,CAF_PAS_DEP,2021,5481
MLT,CAF_PAS_DEP,2021,12890
NLD,CAF_PAS_DEP,2021,135792
NOR,CAF_PAS_DEP,2021,190901
POL,CAF_PAS_DEP,2021,95121
PRT,CAF_PAS_DEP,2021,126193
ROU,CAF_PAS_DEP,2021,52731
RS,CAF_PAS_DEP,2021,
SWE,CAF_PAS_DEP,2021,79710
SVN,CAF_PAS_DEP,2021,2615
SVK,CAF_PAS_DEP,2021,3926
TUR,CAF_PAS_DEP,2021,439272
GBR,CAF_PAS_DEP,2021,
AUT,CAF_PAS,2020,102428
BEL,CAF_PAS,2020,102748
BGR,CAF_PAS,2020,33222
CHE,CAF_PAS,2020,152693
CYP,CAF_PAS,2020,24053
CZE,CAF_PAS,2020,41430
DEU,CAF_PAS,2020,599671
DNK,CAF_PAS,2020,109223
EST,CAF_PAS,2020,14397
GRC,CAF_PAS,2020,191853
ESP,CAF_PAS,2020,556339
FIN,CAF_PAS,2020,67356
FRA,CAF_PAS,2020,481723
HRV,CAF_PAS,2020,29215
HUN,CAF_PAS,2020,36646
IRL,CAF_PAS,2020,87435
ISL,CAF_PAS,2020,18228
ITA,CAF_PAS,2020,422410
LTU,CAF_PAS,2020,20971
LUX,CAF_PAS,2020,21954
LVA,CAF_PAS,2020,26214
MNE,CAF_PAS,2020,6685
MKD,CAF_PAS,2020,6997
MLT,CAF_PAS,2020,18866
NLD,CAF_PAS,2020,227805
NOR,CAF_PAS,2020,217130
POL,CAF_PAS,2020,145576
PRT,CAF_PAS,2020,163181
ROU,CAF_PAS,2020,64230
RS,CAF_PAS,2020,26196
SWE,CAF_PAS,2020,115459
SVN,CAF_PAS,2020,3956
SVK,CAF_PAS,2020,14204
TUR,CAF_PAS,2020,400775
GBR,CAF_PAS,2020,
AUT,CAF_PAS_ARR,2020,52822
BEL,CAF_PAS_ARR,2020,51696
BGR,CAF_PAS_ARR,2020,17488
CHE,CAF_PAS_ARR,2020,77472
CYP,CAF_PAS_ARR,2020,12010
CZE,CAF_PAS_ARR,2020,20662
DEU,CAF_PAS_ARR,2020,341998
DNK,CAF_PAS_ARR,2020,62273
EST,CAF_PAS_ARR,2020,7203
GRC,CAF_PAS_ARR,2020,125157
ESP,CAF_PAS_ARR,2020,370984
FIN,CAF_PAS_ARR,2020,42319
FRA,CAF_PAS_ARR,2020,307861
HRV,CAF_PAS_ARR,2020,16915
HUN,CAF_PAS_ARR,2020,18308
IRL,CAF_PAS_ARR,2020,44348
ISL,CAF_PAS_ARR,2020,10582
ITA,CAF_PAS_ARR,2020,273924
LTU,CAF_PAS_ARR,2020,10522
LUX,CAF_PAS_ARR,2020,10958
LVA,CAF_PAS_ARR,2020,13126
MNE,CAF_PAS_ARR,2020,3353
MKD,CAF_PAS_ARR,2020,3494
MLT,CAF_PAS_ARR,2020,9403
NLD,CAF_PAS_ARR,2020,114122
NOR,CAF_PAS_ARR,2020,173629
POL,CAF_PAS_ARR,2020,79504
PRT,CAF_PAS_ARR,2020,96292
ROU,CAF_PAS_ARR,2020,35407
RS,CAF_PAS_ARR,2020,13080
SWE,CAF_PAS_ARR,2020,73914
SVN,CAF_PAS_ARR,2020,1982
SVK,CAF_PAS_ARR,2020,11102
TUR,CAF_PAS_ARR,2020,289173
GBR,CAF_PAS_ARR,2020,
AUT,CAF_PAS_DEP,2020,52844
BEL,CAF_PAS_DEP,2020,51403
BGR,CAF_PAS_DEP,2020,17491
CHE,CAF_PAS_DEP,2020,77235
CYP,CAF_PAS_DEP,2020,12043
CZE,CAF_PAS_DEP,2020,20768
DEU,CAF_PAS_DEP,2020,339573
DNK,CAF_PAS_DEP,2020,62144
EST,CAF_PAS_DEP,2020,7194
GRC,CAF_PAS_DEP,2020,125359
ESP,CAF_PAS_DEP,2020,373072
FIN,CAF_PAS_DEP,2020,42077
FRA,CAF_PAS_DEP,2020,306387
HRV,CAF_PAS_DEP,2020,17031
HUN,CAF_PAS_DEP,2020,18341
IRL,CAF_PAS_DEP,2020,44459
ISL,CAF_PAS_DEP,2020,10629
ITA,CAF_PAS_DEP,2020,273803
LTU,CAF_PAS_DEP,2020,10453
LUX,CAF_PAS_DEP,2020,10996
LVA,CAF_PAS_DEP,2020,13089
MNE,CAF_PAS_DEP,2020,3332
MKD,CAF_PAS_DEP,2020,3503
MLT,CAF_PAS_DEP,2020,9463
NLD,CAF_PAS_DEP,2020,113698
NOR,CAF_PAS_DEP,2020,174185
POL,CAF_PAS_DEP,2020,79474
PRT,CAF_PAS_DEP,2020,95588
ROU,CAF_PAS_DEP,2020,35641
RS,CAF_PAS_DEP,2020,13120
SWE,CAF_PAS_DEP,2020,73697
SVN,CAF_PAS_DEP,2020,1974
SVK,CAF_PAS_DEP,2020,3125
TUR,CAF_PAS_DEP,2020,290719
GBR,CAF_PAS_DEP,2020,
AUT,CAF_PAS,2019,300317
BEL,CAF_PAS,2019,283009
BGR,CAF_PAS,2019,81642
CHE,CAF_PAS,2019,447917
CYP,CAF_PAS,2019,73369
CZE,CAF_PAS,2019,146892
DEU,CAF_PAS,2019,1742473
DNK,CAF_PAS,2019,305312
EST,CAF_PAS,2019,38756
GRC,CAF_PAS,2019,422503
ESP,CAF_PAS,2019,1552933
FIN,CAF_PAS,2019,201368
FRA,CAF_PAS,2019,1280487
HRV,CAF_PAS,2019,93056
HUN,CAF_PAS,2019,113059
IRL,CAF_PAS,2019,266297
ISL,CAF_PAS,2019,59201
ITA,CAF_PAS,2019,1165442
LTU,CAF_PAS,2019,53848
LUX,CAF_PAS,2019,56841
LVA,CAF_PAS,2019,81124
MNE,CAF_PAS,2019,23733
MKD,CAF_PAS,2019,17442
MLT,CAF_PAS,2019,51735
NLD,CAF_PAS,2019,548828
NOR,CAF_PAS,2019,422268
POL,CAF_PAS,2019,371150
PRT,CAF_PAS,2019,395697
ROU,CAF_PAS,2019,166087
RS,CAF_PAS,2019,67730
SWE,CAF_PAS,2019,347837
SVN,CAF_PAS,2019,20916
SVK,CAF_PAS,2019,33700
TUR,CAF_PAS,2019,976685
GBR,CAF_PAS,2019,1929654
AUT,CAF_PAS_ARR,2019,155062
BEL,CAF_PAS_ARR,2019,141698
BGR,CAF_PAS_ARR,2019,42158
CHE,CAF_PAS_ARR,2019,227831
CYP,CAF_PAS_ARR,2019,36624
CZE,CAF_PAS_ARR,2019,73418
DEU,CAF_PAS_ARR,2019,989434
DNK,CAF_PAS_ARR,2019,166231
EST,CAF_PAS_ARR,2019,19369
GRC,CAF_PAS_ARR,2019,260758
ESP,CAF_PAS_ARR,2019,965431
FIN,CAF_PAS_ARR,2019,121462
FRA,CAF_PAS_ARR,2019,774574
HRV,CAF_PAS_ARR,2019,50374
HUN,CAF_PAS_ARR,2019,56540
IRL,CAF_PAS_ARR,2019,133888
ISL,CAF_PAS_ARR,2019,32308
ITA,CAF_PAS_ARR,2019,707228
LTU,CAF_PAS_ARR,2019,26947
LUX,CAF_PAS_ARR,2019,27396
LVA,CAF_PAS_ARR,2019,40541
MNE,CAF_PAS_ARR,2019,11856
MKD,CAF_PAS_ARR,2019,8781
MLT,CAF_PAS_ARR,2019,25865
NLD,CAF_PAS_ARR,2019,274369
NOR,CAF_PAS_ARR,2019,305718
POL,CAF_PAS_ARR,2019,199385
PRT,CAF_PAS_ARR,2019,227156
ROU,CAF_PAS_ARR,2019,90758
RS,CAF_PAS_ARR,2019,33843
SWE,CAF_PAS_ARR,2019,216216
SVN,CAF_PAS_ARR,2019,10451
SVK,CAF_PAS_ARR,2019,22318
TUR,CAF_PAS_ARR,2019,644182
GBR,CAF_PAS_ARR,2019,1077354
AUT,CAF_PAS_DEP,2019,155114
BEL,CAF_PAS_DEP,2019,141935
BGR,CAF_PAS_DEP,2019,42192
CHE,CAF_PAS_DEP,2019,227863
CYP,CAF_PAS_DEP,2019,36745
CZE,CAF_PAS_DEP,2019,73474
DEU,CAF_PAS_DEP,2019,988570
DNK,CAF_PAS_DEP,2019,166371
EST,CAF_PAS_DEP,2019,19387
GRC,CAF_PAS_DEP,2019,260846
ESP,CAF_PAS_DEP,2019,966254
FIN,CAF_PAS_DEP,2019,121532
FRA,CAF_PAS_DEP,2019,774584
HRV,CAF_PAS_DEP,2019,50398
HUN,CAF_PAS_DEP,2019,56520
IRL,CAF_PAS_DEP,2019,133866
ISL,CAF_PAS_DEP,2019,32404
ITA,CAF_PAS_DEP,2019,707149
LTU,CAF_PAS_DEP,2019,26902
LUX,CAF_PAS_DEP,2019,29445
LVA,CAF_PAS_DEP,2019,40586
MNE,CAF_PAS_DEP,2019,11877
MKD,CAF_PAS_DEP,2019,8661
MLT,CAF_PAS_DEP,2019,25892
NLD,CAF_PAS_DEP,2019,274492
NOR,CAF_PAS_DEP,2019,305477
POL,CAF_PAS_DEP,2019,199406
PRT,CAF_PAS_DEP,2019,225767
ROU,CAF_PAS_DEP,2019,90218
RS,CAF_PAS_DEP,2019,33892
SWE,CAF_PAS_DEP,2019,216191
SVN,CAF_PAS_DEP,2019,10465
SVK,CAF_PAS_DEP,2019,11499
TUR,CAF_PAS_DEP,2019,645665
GBR,CAF_PAS_DEP,2019,1077920
AUT,CAF_PAS,2018,276945
BEL,CAF_PAS,2018,284796
BGR,CAF_PAS,2018,86879
CHE,CAF_PAS,2018,449150
CYP,CAF_PAS,2018,75511
CZE,CAF_PAS,2018,148730
DEU,CAF_PAS,2018,1745207
DNK,CAF_PAS,2018,307773
EST,CAF_PAS,2018,39838
GRC,CAF_PAS,2018,415739
ESP,CAF_PAS,2018,1519178
FIN,CAF_PAS,2018,198596
FRA,CAF_PAS,2018,1253639
HRV,CAF_PAS,2018,87951
HUN,CAF_PAS,2018,104884
IRL,CAF_PAS,2018,259103
ISL,CAF_PAS,2018,73823
ITA,CAF_PAS,2018,1129216
LTU,CAF_PAS,2018,52605
LUX,CAF_PAS,2018,54787
LVA,CAF_PAS,2018,77652
MNE,CAF_PAS,2018,22717
MKD,CAF_PAS,2018,16868
MLT,CAF_PAS,2018,47487
NLD,CAF_PAS,2018,549006
NOR,CAF_PAS,2018,427128
POL,CAF_PAS,2018,355297
PRT,CAF_PAS,2018,380822
ROU,CAF_PAS,2018,160870
RS,CAF_PAS,2018,60266
SWE,CAF_PAS,2018,364976
SVN,CAF_PAS,2018,24527
SVK,CAF_PAS,2018,34681
TUR,CAF_PAS,2018,961810
GBR,CAF_PAS,2018,1955280
AUT,CAF_PAS_ARR,2018,143689
BEL,CAF_PAS_ARR,2018,142608
BGR,CAF_PAS_ARR,2018,44893
CHE,CAF_PAS_ARR,2018,228885
CYP,CAF_PAS_ARR,2018,37681
CZE,CAF_PAS_ARR,2018,74318
DEU,CAF_PAS_ARR,2018,990633
DNK,CAF_PAS_ARR,2018,167850
EST,CAF_PAS_ARR,2018,19912
GRC,CAF_PAS_ARR,2018,256115
ESP,CAF_PAS_ARR,2018,939963
FIN,CAF_PAS_ARR,2018,120298
FRA,CAF_PAS_ARR,2018,759108
HRV,CAF_PAS_ARR,2018,47780
HUN,CAF_PAS_ARR,2018,52427
IRL,CAF_PAS_ARR,2018,130250
ISL,CAF_PAS_ARR,2018,39629
ITA,CAF_PAS_ARR,2018,685960
LTU,CAF_PAS_ARR,2018,26324
LUX,CAF_PAS_ARR,2018,26424
LVA,CAF_PAS_ARR,2018,38816
MNE,CAF_PAS_ARR,2018,11354
MKD,CAF_PAS_ARR,2018,8453
MLT,CAF_PAS_ARR,2018,23916
NLD,CAF_PAS_ARR,2018,274366
NOR,CAF_PAS_ARR,2018,310628
POL,CAF_PAS_ARR,2018,189342
PRT,CAF_PAS_ARR,2018,218310
ROU,CAF_PAS_ARR,2018,87762
RS,CAF_PAS_ARR,2018,30221
SWE,CAF_PAS_ARR,2018,228787
SVN,CAF_PAS_ARR,2018,12247
SVK,CAF_PAS_ARR,2018,23239
TUR,CAF_PAS_ARR,2018,660559
GBR,CAF_PAS_ARR,2018,1097978
AUT,CAF_PAS_DEP,2018,143766
BEL,CAF_PAS_DEP,2018,142519
BGR,CAF_PAS_DEP,2018,44902
CHE,CAF_PAS_DEP,2018,228851
CYP,CAF_PAS_DEP,2018,37831
CZE,CAF_PAS_DEP,2018,74412
DEU,CAF_PAS_DEP,2018,989501
DNK,CAF_PAS_DEP,2018,168097
EST,CAF_PAS_DEP,2018,19926
GRC,CAF_PAS_DEP,2018,255638
ESP,CAF_PAS_DEP,2018,940648
FIN,CAF_PAS_DEP,2018,120361
FRA,CAF_PAS_DEP,2018,759290
HRV,CAF_PAS_DEP,2018,47779
HUN,CAF_PAS_DEP,2018,52458
IRL,CAF_PAS_DEP,2018,130287
ISL,CAF_PAS_DEP,2018,39823
ITA,CAF_PAS_DEP,2018,686166
LTU,CAF_PAS_DEP,2018,26285
LUX,CAF_PAS_DEP,2018,28363
LVA,CAF_PAS_DEP,2018,38856
MNE,CAF_PAS_DEP,2018,11363
MKD,CAF_PAS_DEP,2018,8415
MLT,CAF_PAS_DEP,2018,23921
NLD,CAF_PAS_DEP,2018,274703
NOR,CAF_PAS_DEP,2018,310380
POL,CAF_PAS_DEP,2018,192979
PRT,CAF_PAS_DEP,2018,216699
ROU,CAF_PAS_DEP,2018,87681
RS,CAF_PAS_DEP,2018,30047
SWE,CAF_PAS_DEP,2018,228782
SVN,CAF_PAS_DEP,2018,12280
SVK,CAF_PAS_DEP,2018,12126
TUR,CAF_PAS_DEP,2018,661368
GBR,CAF_PAS_DEP,2018,1098533
AUT,CAF_PAS,2017,260663
BEL,CAF_PAS,2017,280026
BGR,CAF_PAS,2017,80081
CHE,CAF_PAS,2017,442598
CYP,CAF_PAS,2017,71832
CZE,CAF_PAS,2017,140416
DEU,CAF_PAS,2017,1679778
DNK,CAF_PAS,2017,298951
EST,CAF_PAS,2017,36791
GRC,CAF_PAS,2017,384560
ESP,CAF_PAS,2017,1437425
FIN,CAF_PAS,2017,183213
FRA,CAF_PAS,2017,1238929
HRV,CAF_PAS,2017,80875
HUN,CAF_PAS,2017,92968
IRL,CAF_PAS,2017,247013
ISL,CAF_PAS,2017,50430
ITA,CAF_PAS,2017,1079913
LTU,CAF_PAS,2017,47388
LUX,CAF_PAS,2017,50706
LVA,CAF_PAS,2017,68720
MNE,CAF_PAS,2017,20959
MKD,CAF_PAS,2017,15494
MLT,CAF_PAS,2017,41475
NLD,CAF_PAS,2017,539767
NOR,CAF_PAS,2017,425122
POL,CAF_PAS,2017,314509
PRT,CAF_PAS,2017,355858
ROU,CAF_PAS,2017,150654
RS,CAF_PAS,2017,56217
SWE,CAF_PAS,2017,363100
SVN,CAF_PAS,2017,23636
SVK,CAF_PAS,2017,21171
TUR,CAF_PAS,2017,899429
GBR,CAF_PAS,2017,1942365
AUT,CAF_PAS_ARR,2017,135740
BEL,CAF_PAS_ARR,2017,140192
BGR,CAF_PAS_ARR,2017,41471
CHE,CAF_PAS_ARR,2017,226795
CYP,CAF_PAS_ARR,2017,35864
CZE,CAF_PAS_ARR,2017,70247
DEU,CAF_PAS_ARR,2017,954898
DNK,CAF_PAS_ARR,2017,163893
EST,CAF_PAS_ARR,2017,18384
GRC,CAF_PAS_ARR,2017,237488
ESP,CAF_PAS_ARR,2017,880480
FIN,CAF_PAS_ARR,2017,111865
FRA,CAF_PAS_ARR,2017,754072
HRV,CAF_PAS_ARR,2017,44156
HUN,CAF_PAS_ARR,2017,46495
IRL,CAF_PAS_ARR,2017,124227
ISL,CAF_PAS_ARR,2017,25210
ITA,CAF_PAS_ARR,2017,661444
LTU,CAF_PAS_ARR,2017,23709
LUX,CAF_PAS_ARR,2017,24339
LVA,CAF_PAS_ARR,2017,34346
MNE,CAF_PAS_ARR,2017,10486
MKD,CAF_PAS_ARR,2017,7725
MLT,CAF_PAS_ARR,2017,20846
NLD,CAF_PAS_ARR,2017,269838
NOR,CAF_PAS_ARR,2017,312470
POL,CAF_PAS_ARR,2017,171860
PRT,CAF_PAS_ARR,2017,203154
ROU,CAF_PAS_ARR,2017,82474
RS,CAF_PAS_ARR,2017,28151
SWE,CAF_PAS_ARR,2017,228730
SVN,CAF_PAS_ARR,2017,11811
SVK,CAF_PAS_ARR,2017,10953
TUR,CAF_PAS_ARR,2017,627540
GBR,CAF_PAS_ARR,2017,1094037
AUT,CAF_PAS_DEP,2017,135709
BEL,CAF_PAS_DEP,2017,140295
BGR,CAF_PAS_DEP,2017,41493
CHE,CAF_PAS_DEP,2017,226664
CYP,CAF_PAS_DEP,2017,35972
CZE,CAF_PAS_DEP,2017,70169
DEU,CAF_PAS_DEP,2017,953186
DNK,CAF_PAS_DEP,2017,164312
EST,CAF_PAS_DEP,2017,18407
GRC,CAF_PAS_DEP,2017,237821
ESP,CAF_PAS_DEP,2017,881405
FIN,CAF_PAS_DEP,2017,111868
FRA,CAF_PAS_DEP,2017,754406
HRV,CAF_PAS_DEP,2017,44250
HUN,CAF_PAS_DEP,2017,46473
IRL,CAF_PAS_DEP,2017,124238
ISL,CAF_PAS_DEP,2017,25221
ITA,CAF_PAS_DEP,2017,660372
LTU,CAF_PAS_DEP,2017,23683
LUX,CAF_PAS_DEP,2017,26367
LVA,CAF_PAS_DEP,2017,34405
MNE,CAF_PAS_DEP,2017,10473
MKD,CAF_PAS_DEP,2017,7769
MLT,CAF_PAS_DEP,2017,20858
NLD,CAF_PAS_DEP,2017,269993
NOR,CAF_PAS_DEP,2017,312173
POL,CAF_PAS_DEP,2017,171802
PRT,CAF_PAS_DEP,2017,201973
ROU,CAF_PAS_DEP,2017,82552
RS,CAF_PAS_DEP,2017,28066
SWE,CAF_PAS_DEP,2017,228733
SVN,CAF_PAS_DEP,2017,11825
SVK,CAF_PAS_DEP,2017,11062
TUR,CAF_PAS_DEP,2017,628639
GBR,CAF_PAS_DEP,2017,1093994
AUT,CAF_PAS,2016,260670
BEL,CAF_PAS,2016,275513
BGR,CAF_PAS,2016,72967
CHE,CAF_PAS,2016,442019
CYP,CAF_PAS,2016,64048
CZE,CAF_PAS,2016,134281
DEU,CAF_PAS,2016,1645784
DNK,CAF_PAS,2016,308483
EST,CAF_PAS,2016,32165
GRC,CAF_PAS,2016,363967
ESP,CAF_PAS,2016,1354107
FIN,CAF_PAS,2016,171925
FRA,CAF_PAS,2016,1220247
HRV,CAF_PAS,2016,73089
HUN,CAF_PAS,2016,86292
IRL,CAF_PAS,2016,240228
ISL,CAF_PAS,2016,43420
ITA,CAF_PAS,2016,1045216
LTU,CAF_PAS,2016,44950
LUX,CAF_PAS,2016,47310
LVA,CAF_PAS,2016,62421
MNE,CAF_PAS,2016,19509
MKD,CAF_PAS,2016,14407
MLT,CAF_PAS,2016,35979
NLD,CAF_PAS,2016,523149
NOR,CAF_PAS,2016,432123
POL,CAF_PAS,2016,285141
PRT,CAF_PAS,2016,324691
ROU,CAF_PAS,2016,134828
RS,CAF_PAS,2016,55650
SWE,CAF_PAS,2016,347619
SVN,CAF_PAS,2016,21256
SVK,CAF_PAS,2016,20043
TUR,CAF_PAS,2016,870430
GBR,CAF_PAS,2016,1892806
AUT,CAF_PAS_ARR,2016,135786
BEL,CAF_PAS_ARR,2016,137733
BGR,CAF_PAS_ARR,2016,37653
CHE,CAF_PAS_ARR,2016,227711
CYP,CAF_PAS_ARR,2016,31983
CZE,CAF_PAS_ARR,2016,67305
DEU,CAF_PAS_ARR,2016,943098
DNK,CAF_PAS_ARR,2016,169103
EST,CAF_PAS_ARR,2016,16069
GRC,CAF_PAS_ARR,2016,225260
ESP,CAF_PAS_ARR,2016,831181
FIN,CAF_PAS_ARR,2016,105663
FRA,CAF_PAS_ARR,2016,744900
HRV,CAF_PAS_ARR,2016,40368
HUN,CAF_PAS_ARR,2016,43136
IRL,CAF_PAS_ARR,2016,120865
ISL,CAF_PAS_ARR,2016,21650
ITA,CAF_PAS_ARR,2016,642398
LTU,CAF_PAS_ARR,2016,22497
LUX,CAF_PAS_ARR,2016,22703
LVA,CAF_PAS_ARR,2016,31219
MNE,CAF_PAS_ARR,2016,9803
MKD,CAF_PAS_ARR,2016,7220
MLT,CAF_PAS_ARR,2016,18080
NLD,CAF_PAS_ARR,2016,261616
NOR,CAF_PAS_ARR,2016,316180
POL,CAF_PAS_ARR,2016,155745
PRT,CAF_PAS_ARR,2016,188023
ROU,CAF_PAS_ARR,2016,73598
RS,CAF_PAS_ARR,2016,27880
SWE,CAF_PAS_ARR,2016,220023
SVN,CAF_PAS_ARR,2016,10831
SVK,CAF_PAS_ARR,2016,10402
TUR,CAF_PAS_ARR,2016,610009
GBR,CAF_PAS_ARR,2016,1065460
AUT,CAF_PAS_DEP,2016,135880
BEL,CAF_PAS_DEP,2016,138143
BGR,CAF_PAS_DEP,2016,37699
CHE,CAF_PAS_DEP,2016,227238
CYP,CAF_PAS_DEP,2016,32103
CZE,CAF_PAS_DEP,2016,66976
DEU,CAF_PAS_DEP,2016,941790
DNK,CAF_PAS_DEP,2016,169375
EST,CAF_PAS_DEP,2016,16097
GRC,CAF_PAS_DEP,2016,226846
ESP,CAF_PAS_DEP,2016,831689
FIN,CAF_PAS_DEP,2016,105611
FRA,CAF_PAS_DEP,2016,744469
HRV,CAF_PAS_DEP,2016,40373
HUN,CAF_PAS_DEP,2016,43157
IRL,CAF_PAS_DEP,2016,120821
ISL,CAF_PAS_DEP,2016,21770
ITA,CAF_PAS_DEP,2016,641380
LTU,CAF_PAS_DEP,2016,22464
LUX,CAF_PAS_DEP,2016,24607
LVA,CAF_PAS_DEP,2016,31236
MNE,CAF_PAS_DEP,2016,9712
MKD,CAF_PAS_DEP,2016,7187
MLT,CAF_PAS_DEP,2016,18085
NLD,CAF_PAS_DEP,2016,261762
NOR,CAF_PAS_DEP,2016,316143
POL,CAF_PAS_DEP,2016,155615
PRT,CAF_PAS_DEP,2016,187368
ROU,CAF_PAS_DEP,2016,73550
RS,CAF_PAS_DEP,2016,27770
SWE,CAF_PAS_DEP,2016,220171
SVN,CAF_PAS_DEP,2016,10425
SVK,CAF_PAS_DEP,2016,10543
TUR,CAF_PAS_DEP,2016,611029
GBR,CAF_PAS_DEP,2016,1065691
AUT,CAF_PAS,2015,263773
BEL,CAF_PAS,2015,286652
BGR,CAF_PAS,2015,61240
CHE,CAF_PAS,2015,431712
CYP,CAF_PAS,2015,53636
CZE,CAF_PAS,2015,127497
DEU,CAF_PAS,2015,1606292
DNK,CAF_PAS,2015,296194
EST,CAF_PAS,2015,32030
GRC,CAF_PAS,2015,341992
ESP,CAF_PAS,2015,1261847
FIN,CAF_PAS,2015,174631
FRA,CAF_PAS,2015,1194974
HRV,CAF_PAS,2015,65907
HUN,CAF_PAS,2015,80184
IRL,CAF_PAS,2015,221013
ISL,CAF_PAS,2015,32168
ITA,CAF_PAS,2015,1004384
LTU,CAF_PAS,2015,41766
LUX,CAF_PAS,2015,42584
LVA,CAF_PAS,2015,63028
MNE,CAF_PAS,2015,
MKD,CAF_PAS,2015,12913
MLT,CAF_PAS,2015,34377
NLD,CAF_PAS,2015,493640
NOR,CAF_PAS,2015,442670
POL,CAF_PAS,2015,277547
PRT,CAF_PAS,2015,285102
ROU,CAF_PAS,2015,116988
RS,CAF_PAS,2015,
SWE,CAF_PAS,2015,336967
SVN,CAF_PAS,2015,21455
SVK,CAF_PAS,2015,17663
TUR,CAF_PAS,2015,906226
GBR,CAF_PAS,2015,1789718
AUT,CAF_PAS_ARR,2015,138053
BEL,CAF_PAS_ARR,2015,143605
BGR,CAF_PAS_ARR,2015,31849
CHE,CAF_PAS_ARR,2015,222605
CYP,CAF_PAS_ARR,2015,26875
CZE,CAF_PAS_ARR,2015,63917
DEU,CAF_PAS_ARR,2015,921542
DNK,CAF_PAS_ARR,2015,163000
EST,CAF_PAS_ARR,2015,16011
GRC,CAF_PAS_ARR,2015,212507
ESP,CAF_PAS_ARR,2015,780284
FIN,CAF_PAS_ARR,2015,107623
FRA,CAF_PAS_ARR,2015,732956
HRV,CAF_PAS_ARR,2015,36515
HUN,CAF_PAS_ARR,2015,40085
IRL,CAF_PAS_ARR,2015,111246
ISL,CAF_PAS_ARR,2015,15998
ITA,CAF_PAS_ARR,2015,621981
LTU,CAF_PAS_ARR,2015,20884
LUX,CAF_PAS_ARR,2015,21292
LVA,CAF_PAS_ARR,2015,31507
MNE,CAF_PAS_ARR,2015,
MKD,CAF_PAS_ARR,2015,6458
MLT,CAF_PAS_ARR,2015,17344
NLD,CAF_PAS_ARR,2015,246943
NOR,CAF_PAS_ARR,2015,322460
POL,CAF_PAS_ARR,2015,151754
PRT,CAF_PAS_ARR,2015,159030
ROU,CAF_PAS_ARR,2015,63094
RS,CAF_PAS_ARR,2015,
SWE,CAF_PAS_ARR,2015,214025
SVN,CAF_PAS_ARR,2015,10859
SVK,CAF_PAS_ARR,2015,9180
TUR,CAF_PAS_ARR,2015,620438
GBR,CAF_PAS_ARR,2015,1018273
AUT,CAF_PAS_DEP,2015,138148
BEL,CAF_PAS_DEP,2015,143624
BGR,CAF_PAS_DEP,2015,31866
CHE,CAF_PAS_DEP,2015,222357
CYP,CAF_PAS_DEP,2015,26831
CZE,CAF_PAS_DEP,2015,63580
DEU,CAF_PAS_DEP,2015,920240
DNK,CAF_PAS_DEP,2015,163179
EST,CAF_PAS_DEP,2015,16019
GRC,CAF_PAS_DEP,2015,214151
ESP,CAF_PAS_DEP,2015,781132
FIN,CAF_PAS_DEP,2015,107688
FRA,CAF_PAS_DEP,2015,732677
HRV,CAF_PAS_DEP,2015,36504
HUN,CAF_PAS_DEP,2015,40099
IRL,CAF_PAS_DEP,2015,111204
ISL,CAF_PAS_DEP,2015,16170
ITA,CAF_PAS_DEP,2015,620937
LTU,CAF_PAS_DEP,2015,20886
LUX,CAF_PAS_DEP,2015,21313
LVA,CAF_PAS_DEP,2015,31522
MNE,CAF_PAS_DEP,2015,
MKD,CAF_PAS_DEP,2015,6455
MLT,CAF_PAS_DEP,2015,17338
NLD,CAF_PAS_DEP,2015,246942
NOR,CAF_PAS_DEP,2015,322526
POL,CAF_PAS_DEP,2015,151179
PRT,CAF_PAS_DEP,2015,157923
ROU,CAF_PAS_DEP,2015,63147
RS,CAF_PAS_DEP,2015,
SWE,CAF_PAS_DEP,2015,214119
SVN,CAF_PAS_DEP,2015,10596
SVK,CAF_PAS_DEP,2015,9270
TUR,CAF_PAS_DEP,2015,621343
GBR,CAF_PAS_DEP,2015,1018035
AUT,CAF_PAS,2014,267003
BEL,CAF_PAS,2014,274603
BGR,CAF_PAS,2014,60713
CHE,CAF_PAS,2014,425860
CYP,CAF_PAS,2014,52421
CZE,CAF_PAS,2014,126393
DEU,CAF_PAS,2014,1591574
DNK,CAF_PAS,2014,291671
EST,CAF_PAS,2014,28934
GRC,CAF_PAS,2014,321760
ESP,CAF_PAS,2014,1230742
FIN,CAF_PAS,2014,176877
FRA,CAF_PAS,2014,1182622
HRV,CAF_PAS,2014,63311
HUN,CAF_PAS,2014,74832
IRL,CAF_PAS,2014,209700
ISL,CAF_PAS,2014,26889
ITA,CAF_PAS,2014,960234
LTU,CAF_PAS,2014,39512
LUX,CAF_PAS,2014,42105
LVA,CAF_PAS,2014,60893
MNE,CAF_PAS,2014,
MKD,CAF_PAS,2014,
MLT,CAF_PAS,2014,32572
NLD,CAF_PAS,2014,478872
NOR,CAF_PAS,2014,443546
POL,CAF_PAS,2014,255419
PRT,CAF_PAS,2014,266641
ROU,CAF_PAS,2014,108833
RS,CAF_PAS,2014,
SWE,CAF_PAS,2014,335475
SVN,CAF_PAS,2014,20473
SVK,CAF_PAS,2014,15976
TUR,CAF_PAS,2014,843193
GBR,CAF_PAS,2014,1751751
AUT,CAF_PAS_ARR,2014,140453
BEL,CAF_PAS_ARR,2014,137792
BGR,CAF_PAS_ARR,2014,31606
CHE,CAF_PAS_ARR,2014,219059
CYP,CAF_PAS_ARR,2014,26215
CZE,CAF_PAS_ARR,2014,63362
DEU,CAF_PAS_ARR,2014,916434
DNK,CAF_PAS_ARR,2014,160826
EST,CAF_PAS_ARR,2014,14458
GRC,CAF_PAS_ARR,2014,198719
ESP,CAF_PAS_ARR,2014,760756
FIN,CAF_PAS_ARR,2014,109475
FRA,CAF_PAS_ARR,2014,729149
HRV,CAF_PAS_ARR,2014,35275
HUN,CAF_PAS_ARR,2014,37422
IRL,CAF_PAS_ARR,2014,105552
ISL,CAF_PAS_ARR,2014,13350
ITA,CAF_PAS_ARR,2014,595550
LTU,CAF_PAS_ARR,2014,19788
LUX,CAF_PAS_ARR,2014,21058
LVA,CAF_PAS_ARR,2014,30424
MNE,CAF_PAS_ARR,2014,
MKD,CAF_PAS_ARR,2014,
MLT,CAF_PAS_ARR,2014,16484
NLD,CAF_PAS_ARR,2014,239605
NOR,CAF_PAS_ARR,2014,301895
POL,CAF_PAS_ARR,2014,140886
PRT,CAF_PAS_ARR,2014,149024
ROU,CAF_PAS_ARR,2014,58909
RS,CAF_PAS_ARR,2014,
SWE,CAF_PAS_ARR,2014,213875
SVN,CAF_PAS_ARR,2014,10402
SVK,CAF_PAS_ARR,2014,8316
TUR,CAF_PAS_ARR,2014,573206
GBR,CAF_PAS_ARR,2014,994127
AUT,CAF_PAS_DEP,2014,140470
BEL,CAF_PAS_DEP,2014,137714
BGR,CAF_PAS_DEP,2014,31621
CHE,CAF_PAS_DEP,2014,218933
CYP,CAF_PAS_DEP,2014,26221
CZE,CAF_PAS_DEP,2014,63031
DEU,CAF_PAS_DEP,2014,915728
DNK,CAF_PAS_DEP,2014,160963
EST,CAF_PAS_DEP,2014,14476
GRC,CAF_PAS_DEP,2014,200177
ESP,CAF_PAS_DEP,2014,761484
FIN,CAF_PAS_DEP,2014,109442
FRA,CAF_PAS_DEP,2014,728723
HRV,CAF_PAS_DEP,2014,35312
HUN,CAF_PAS_DEP,2014,37410
IRL,CAF_PAS_DEP,2014,105589
ISL,CAF_PAS_DEP,2014,13539
ITA,CAF_PAS_DEP,2014,594482
LTU,CAF_PAS_DEP,2014,19733
LUX,CAF_PAS_DEP,2014,21089
LVA,CAF_PAS_DEP,2014,30469
MNE,CAF_PAS_DEP,2014,
MKD,CAF_PAS_DEP,2014,
MLT,CAF_PAS_DEP,2014,16424
NLD,CAF_PAS_DEP,2014,239543
NOR,CAF_PAS_DEP,2014,301644
POL,CAF_PAS_DEP,2014,140928
PRT,CAF_PAS_DEP,2014,148078
ROU,CAF_PAS_DEP,2014,58836
RS,CAF_PAS_DEP,2014,
SWE,CAF_PAS_DEP,2014,214029
SVN,CAF_PAS_DEP,2014,10071
SVK,CAF_PAS_DEP,2014,8440
TUR,CAF_PAS_DEP,2014,574261
GBR,CAF_PAS_DEP,2014,994070
AUT,CAF_PAS,2013,265660
BEL,CAF_PAS,2013,265379
BGR,CAF_PAS,2013,56859
CHE,CAF_PAS,2013,419334
CYP,CAF_PAS,2013,49895
CZE,CAF_PAS,2013,129454
DEU,CAF_PAS,2013,1654117
DNK,CAF_PAS,2013,290666
EST,CAF_PAS,2013,28584
GRC,CAF_PAS,2013,285640
ESP,CAF_PAS,2013,1187856
FIN,CAF_PAS,2013,178599
FRA,CAF_PAS,2013,1194266
HRV,CAF_PAS,2013,59569
HUN,CAF_PAS,2013,71756
IRL,CAF_PAS,2013,197043
ISL,CAF_PAS,2013,22618
ITA,CAF_PAS,2013,971156
LTU,CAF_PAS,2013,35081
LUX,CAF_PAS,2013,40919
LVA,CAF_PAS,2013,62215
MNE,CAF_PAS,2013,
MKD,CAF_PAS,2013,
MLT,CAF_PAS,2013,30966
NLD,CAF_PAS,2013,465867
NOR,CAF_PAS,2013,440386
POL,CAF_PAS,2013,243133
PRT,CAF_PAS,2013,250981
ROU,CAF_PAS,2013,105575
RS,CAF_PAS,2013,
SWE,CAF_PAS,2013,331920
SVN,CAF_PAS,2013,21083
SVK,CAF_PAS,2013,15278
TUR,CAF_PAS,2013,769575
GBR,CAF_PAS,2013,1716777
AUT,CAF_PAS_ARR,2013,140205
BEL,CAF_PAS_ARR,2013,133029
BGR,CAF_PAS_ARR,2013,29821
CHE,CAF_PAS_ARR,2013,215056
CYP,CAF_PAS_ARR,2013,24959
CZE,CAF_PAS_ARR,2013,64888
DEU,CAF_PAS_ARR,2013,966708
DNK,CAF_PAS_ARR,2013,159229
EST,CAF_PAS_ARR,2013,14284
GRC,CAF_PAS_ARR,2013,178565
ESP,CAF_PAS_ARR,2013,736212
FIN,CAF_PAS_ARR,2013,111142
FRA,CAF_PAS_ARR,2013,743088
HRV,CAF_PAS_ARR,2013,33117
HUN,CAF_PAS_ARR,2013,35859
IRL,CAF_PAS_ARR,2013,99194
ISL,CAF_PAS_ARR,2013,11202
ITA,CAF_PAS_ARR,2013,612839
LTU,CAF_PAS_ARR,2013,17546
LUX,CAF_PAS_ARR,2013,20456
LVA,CAF_PAS_ARR,2013,31105
MNE,CAF_PAS_ARR,2013,
MKD,CAF_PAS_ARR,2013,
MLT,CAF_PAS_ARR,2013,15589
NLD,CAF_PAS_ARR,2013,233046
NOR,CAF_PAS_ARR,2013,298524
POL,CAF_PAS_ARR,2013,134491
PRT,CAF_PAS_ARR,2013,140671
ROU,CAF_PAS_ARR,2013,58060
RS,CAF_PAS_ARR,2013,
SWE,CAF_PAS_ARR,2013,210693
SVN,CAF_PAS_ARR,2013,10576
SVK,CAF_PAS_ARR,2013,7954
TUR,CAF_PAS_ARR,2013,523339
GBR,CAF_PAS_ARR,2013,978396
AUT,CAF_PAS_DEP,2013,140262
BEL,CAF_PAS_DEP,2013,132999
BGR,CAF_PAS_DEP,2013,29815
CHE,CAF_PAS_DEP,2013,214931
CYP,CAF_PAS_DEP,2013,24949
CZE,CAF_PAS_DEP,2013,64566
DEU,CAF_PAS_DEP,2013,965891
DNK,CAF_PAS_DEP,2013,159414
EST,CAF_PAS_DEP,2013,14300
GRC,CAF_PAS_DEP,2013,180059
ESP,CAF_PAS_DEP,2013,737119
FIN,CAF_PAS_DEP,2013,111187
FRA,CAF_PAS_DEP,2013,742575
HRV,CAF_PAS_DEP,2013,33200
HUN,CAF_PAS_DEP,2013,35897
IRL,CAF_PAS_DEP,2013,99289
ISL,CAF_PAS_DEP,2013,11416
ITA,CAF_PAS_DEP,2013,611134
LTU,CAF_PAS_DEP,2013,17546
LUX,CAF_PAS_DEP,2013,20496
LVA,CAF_PAS_DEP,2013,31112
MNE,CAF_PAS_DEP,2013,
MKD,CAF_PAS_DEP,2013,
MLT,CAF_PAS_DEP,2013,15589
NLD,CAF_PAS_DEP,2013,233098
NOR,CAF_PAS_DEP,2013,298564
POL,CAF_PAS_DEP,2013,134511
PRT,CAF_PAS_DEP,2013,140228
ROU,CAF_PAS_DEP,2013,57689
RS,CAF_PAS_DEP,2013,
SWE,CAF_PAS_DEP,2013,210812
SVN,CAF_PAS_DEP,2013,10507
SVK,CAF_PAS_DEP,2013,8032
TUR,CAF_PAS_DEP,2013,524554
GBR,CAF_PAS_DEP,2013,978998
AUT,CAF_PAS,2012,278365
BEL,CAF_PAS,2012,272969
BGR,CAF_PAS,2012,57956
CHE,CAF_PAS,2012,427044
CYP,CAF_PAS,2012,56112
CZE,CAF_PAS,2012,133569
DEU,CAF_PAS,2012,1712690
DNK,CAF_PAS,2012,285553
EST,CAF_PAS,2012,39048
GRC,CAF_PAS,2012,287573
ESP,CAF_PAS,2012,1238512
FIN,CAF_PAS,2012,187234
FRA,CAF_PAS,2012,1223060
HRV,CAF_PAS,2012,57718
HUN,CAF_PAS,2012,75716
IRL,CAF_PAS,2012,194697
ISL,CAF_PAS,2012,19897
ITA,CAF_PAS,2012,1023162
LTU,CAF_PAS,2012,35209
LUX,CAF_PAS,2012,40379
LVA,CAF_PAS,2012,64123
MNE,CAF_PAS,2012,
MKD,CAF_PAS,2012,
MLT,CAF_PAS,2012,28424
NLD,CAF_PAS,2012,458121
NOR,CAF_PAS,2012,425941
POL,CAF_PAS,2012,244901
PRT,CAF_PAS,2012,245200
ROU,CAF_PAS,2012,111251
RS,CAF_PAS,2012,
SWE,CAF_PAS,2012,325641
SVN,CAF_PAS,2012,22198
SVK,CAF_PAS,2012,16030
TUR,CAF_PAS,2012,690582
GBR,CAF_PAS,2012,1691734
AUT,CAF_PAS_ARR,2012,146858
BEL,CAF_PAS_ARR,2012,136875
BGR,CAF_PAS_ARR,2012,30627
CHE,CAF_PAS_ARR,2012,219058
CYP,CAF_PAS_ARR,2012,28120
CZE,CAF_PAS_ARR,2012,66945
DEU,CAF_PAS_ARR,2012,1009105
DNK,CAF_PAS_ARR,2012,156139
EST,CAF_PAS_ARR,2012,19515
GRC,CAF_PAS_ARR,2012,183450
ESP,CAF_PAS_ARR,2012,788831
FIN,CAF_PAS_ARR,2012,117821
FRA,CAF_PAS_ARR,2012,759280
HRV,CAF_PAS_ARR,2012,32469
HUN,CAF_PAS_ARR,2012,37844
IRL,CAF_PAS_ARR,2012,98110
ISL,CAF_PAS_ARR,2012,9776
ITA,CAF_PAS_ARR,2012,650812
LTU,CAF_PAS_ARR,2012,17615
LUX,CAF_PAS_ARR,2012,20178
LVA,CAF_PAS_ARR,2012,32029
MNE,CAF_PAS_ARR,2012,
MKD,CAF_PAS_ARR,2012,
MLT,CAF_PAS_ARR,2012,14321
NLD,CAF_PAS_ARR,2012,229204
NOR,CAF_PAS_ARR,2012,291454
POL,CAF_PAS_ARR,2012,139653
PRT,CAF_PAS_ARR,2012,137495
ROU,CAF_PAS_ARR,2012,59540
RS,CAF_PAS_ARR,2012,
SWE,CAF_PAS_ARR,2012,207343
SVN,CAF_PAS_ARR,2012,11108
SVK,CAF_PAS_ARR,2012,8537
TUR,CAF_PAS_ARR,2012,466078
GBR,CAF_PAS_ARR,2012,968348
AUT,CAF_PAS_DEP,2012,146971
BEL,CAF_PAS_DEP,2012,136751
BGR,CAF_PAS_DEP,2012,30638
CHE,CAF_PAS_DEP,2012,218865
CYP,CAF_PAS_DEP,2012,28153
CZE,CAF_PAS_DEP,2012,66624
DEU,CAF_PAS_DEP,2012,1008626
DNK,CAF_PAS_DEP,2012,156305
EST,CAF_PAS_DEP,2012,19533
GRC,CAF_PAS_DEP,2012,185239
ESP,CAF_PAS_DEP,2012,789337
FIN,CAF_PAS_DEP,2012,117778
FRA,CAF_PAS_DEP,2012,758855
HRV,CAF_PAS_DEP,2012,32449
HUN,CAF_PAS_DEP,2012,37872
IRL,CAF_PAS_DEP,2012,98074
ISL,CAF_PAS_DEP,2012,10121
ITA,CAF_PAS_DEP,2012,649556
LTU,CAF_PAS_DEP,2012,17595
LUX,CAF_PAS_DEP,2012,20217
LVA,CAF_PAS_DEP,2012,32094
MNE,CAF_PAS_DEP,2012,
MKD,CAF_PAS_DEP,2012,
MLT,CAF_PAS_DEP,2012,14327
NLD,CAF_PAS_DEP,2012,229234
NOR,CAF_PAS_DEP,2012,291110
POL,CAF_PAS_DEP,2012,139663
PRT,CAF_PAS_DEP,2012,137271
ROU,CAF_PAS_DEP,2012,59645
RS,CAF_PAS_DEP,2012,
SWE,CAF_PAS_DEP,2012,207811
SVN,CAF_PAS_DEP,2012,11090
SVK,CAF_PAS_DEP,2012,8559
TUR,CAF_PAS_DEP,2012,466914
GBR,CAF_PAS_DEP,2012,968497
AUT,CAF_PAS,2011,286365
BEL,CAF_PAS,2011,283199
BGR,CAF_PAS,2011,61706
CHE,CAF_PAS,2011,420517
CYP,CAF_PAS,2011,58162
CZE,CAF_PAS,2011,152752
DEU,CAF_PAS,2011,1746193
DNK,CAF_PAS,2011,295975
EST,CAF_PAS,2011,30497
GRC,CAF_PAS,2011,307451
ESP,CAF_PAS,2011,1339509
FIN,CAF_PAS,2011,207811
FRA,CAF_PAS,2011,1242775
HRV,CAF_PAS,2011,57198
HUN,CAF_PAS,2011,98140
IRL,CAF_PAS,2011,197140
ISL,CAF_PAS,2011,18297
ITA,CAF_PAS,2011,1047525
LTU,CAF_PAS,2011,33509
LUX,CAF_PAS,2011,39326
LVA,CAF_PAS,2011,69826
MNE,CAF_PAS,2011,
MKD,CAF_PAS,2011,
MLT,CAF_PAS,2011,28152
NLD,CAF_PAS,2011,452532
NOR,CAF_PAS,2011,408862
POL,CAF_PAS,2011,236948
PRT,CAF_PAS,2011,246796
ROU,CAF_PAS,2011,119993
RS,CAF_PAS,2011,
SWE,CAF_PAS,2011,335503
SVN,CAF_PAS,2011,25438
SVK,CAF_PAS,2011,19838
TUR,CAF_PAS,2011,
GBR,CAF_PAS,2011,1710247
AUT,CAF_PAS_ARR,2011,150783
BEL,CAF_PAS_ARR,2011,142071
BGR,CAF_PAS_ARR,2011,32609
CHE,CAF_PAS_ARR,2011,215812
CYP,CAF_PAS_ARR,2011,29329
CZE,CAF_PAS_ARR,2011,76504
DEU,CAF_PAS_ARR,2011,1035782
DNK,CAF_PAS_ARR,2011,168160
EST,CAF_PAS_ARR,2011,15241
GRC,CAF_PAS_ARR,2011,196230
ESP,CAF_PAS_ARR,2011,872950
FIN,CAF_PAS_ARR,2011,132928
FRA,CAF_PAS_ARR,2011,769923
HRV,CAF_PAS_ARR,2011,32456
HUN,CAF_PAS_ARR,2011,49066
IRL,CAF_PAS_ARR,2011,99123
ISL,CAF_PAS_ARR,2011,8955
ITA,CAF_PAS_ARR,2011,673399
LTU,CAF_PAS_ARR,2011,16792
LUX,CAF_PAS_ARR,2011,19660
LVA,CAF_PAS_ARR,2011,34843
MNE,CAF_PAS_ARR,2011,
MKD,CAF_PAS_ARR,2011,
MLT,CAF_PAS_ARR,2011,14147
NLD,CAF_PAS_ARR,2011,226471
NOR,CAF_PAS_ARR,2011,279853
POL,CAF_PAS_ARR,2011,131167
PRT,CAF_PAS_ARR,2011,138851
ROU,CAF_PAS_ARR,2011,64307
RS,CAF_PAS_ARR,2011,
SWE,CAF_PAS_ARR,2011,213607
SVN,CAF_PAS_ARR,2011,12788
SVK,CAF_PAS_ARR,2011,10480
TUR,CAF_PAS_ARR,2011,
GBR,CAF_PAS_ARR,2011,982275
AUT,CAF_PAS_DEP,2011,150933
BEL,CAF_PAS_DEP,2011,141985
BGR,CAF_PAS_DEP,2011,32640
CHE,CAF_PAS_DEP,2011,215570
CYP,CAF_PAS_DEP,2011,29315
CZE,CAF_PAS_DEP,2011,76248
DEU,CAF_PAS_DEP,2011,1035535
DNK,CAF_PAS_DEP,2011,168308
EST,CAF_PAS_DEP,2011,15256
GRC,CAF_PAS_DEP,2011,197780
ESP,CAF_PAS_DEP,2011,873267
FIN,CAF_PAS_DEP,2011,132034
FRA,CAF_PAS_DEP,2011,769781
HRV,CAF_PAS_DEP,2011,32278
HUN,CAF_PAS_DEP,2011,49074
IRL,CAF_PAS_DEP,2011,100919
ISL,CAF_PAS_DEP,2011,9342
ITA,CAF_PAS_DEP,2011,671466
LTU,CAF_PAS_DEP,2011,16720
LUX,CAF_PAS_DEP,2011,19686
LVA,CAF_PAS_DEP,2011,34983
MNE,CAF_PAS_DEP,2011,
MKD,CAF_PAS_DEP,2011,
MLT,CAF_PAS_DEP,2011,14138
NLD,CAF_PAS_DEP,2011,226576
NOR,CAF_PAS_DEP,2011,279573
POL,CAF_PAS_DEP,2011,131031
PRT,CAF_PAS_DEP,2011,138135
ROU,CAF_PAS_DEP,2011,64862
RS,CAF_PAS_DEP,2011,
SWE,CAF_PAS_DEP,2011,214200
SVN,CAF_PAS_DEP,2011,12650
SVK,CAF_PAS_DEP,2011,10567
TUR,CAF_PAS_DEP,2011,
GBR,CAF_PAS_DEP,2011,981616
AUT,CAF_PAS,2010,289122
BEL,CAF_PAS,2010,266644
BGR,CAF_PAS,2010,59393
CHE,CAF_PAS,2010,385574
CYP,CAF_PAS,2010,59881
CZE,CAF_PAS,2010,158323
DEU,CAF_PAS,2010,1618788
DNK,CAF_PAS,2010,285365
EST,CAF_PAS,2010,24751
GRC,CAF_PAS,2010,309262
ESP,CAF_PAS,2010,1282584
FIN,CAF_PAS,2010,185386
FRA,CAF_PAS,2010,1187864
HRV,CAF_PAS,2010,57614
HUN,CAF_PAS,2010,93752
IRL,CAF_PAS,2010,195034
ISL,CAF_PAS,2010,15379
ITA,CAF_PAS,2010,1042893
LTU,CAF_PAS,2010,31739
LUX,CAF_PAS,2010,35550
LVA,CAF_PAS,2010,66025
MNE,CAF_PAS,2010,
MKD,CAF_PAS,2010,
MLT,CAF_PAS,2010,28990
NLD,CAF_PAS,2010,413355
NOR,CAF_PAS,2010,388933
POL,CAF_PAS,2010,221405
PRT,CAF_PAS,2010,237344
ROU,CAF_PAS,2010,119207
RS,CAF_PAS,2010,
SWE,CAF_PAS,2010,306312
SVN,CAF_PAS,2010,26643
SVK,CAF_PAS,2010,21976
TUR,CAF_PAS,2010,
GBR,CAF_PAS,2010,1658508
AUT,CAF_PAS_ARR,2010,154296
BEL,CAF_PAS_ARR,2010,133855
BGR,CAF_PAS_ARR,2010,31135
CHE,CAF_PAS_ARR,2010,198276
CYP,CAF_PAS_ARR,2010,30503
CZE,CAF_PAS_ARR,2010,79266
DEU,CAF_PAS_ARR,2010,959021
DNK,CAF_PAS_ARR,2010,162632
EST,CAF_PAS_ARR,2010,12366
GRC,CAF_PAS_ARR,2010,202432
ESP,CAF_PAS_ARR,2010,850160
FIN,CAF_PAS_ARR,2010,119567
FRA,CAF_PAS_ARR,2010,737363
HRV,CAF_PAS_ARR,2010,32399
HUN,CAF_PAS_ARR,2010,46868
IRL,CAF_PAS_ARR,2010,101570
ISL,CAF_PAS_ARR,2010,7571
ITA,CAF_PAS_ARR,2010,669335
LTU,CAF_PAS_ARR,2010,15903
LUX,CAF_PAS_ARR,2010,17789
LVA,CAF_PAS_ARR,2010,32856
MNE,CAF_PAS_ARR,2010,
MKD,CAF_PAS_ARR,2010,
MLT,CAF_PAS_ARR,2010,14523
NLD,CAF_PAS_ARR,2010,206989
NOR,CAF_PAS_ARR,2010,267439
POL,CAF_PAS_ARR,2010,120688
PRT,CAF_PAS_ARR,2010,134983
ROU,CAF_PAS_ARR,2010,64769
RS,CAF_PAS_ARR,2010,
SWE,CAF_PAS_ARR,2010,194518
SVN,CAF_PAS_ARR,2010,13419
SVK,CAF_PAS_ARR,2010,11691
TUR,CAF_PAS_ARR,2010,
GBR,CAF_PAS_ARR,2010,960393
AUT,CAF_PAS_DEP,2010,154523
BEL,CAF_PAS_DEP,2010,133634
BGR,CAF_PAS_DEP,2010,31141
CHE,CAF_PAS_DEP,2010,198092
CYP,CAF_PAS_DEP,2010,30702
CZE,CAF_PAS_DEP,2010,79057
DEU,CAF_PAS_DEP,2010,957846
DNK,CAF_PAS_DEP,2010,162794
EST,CAF_PAS_DEP,2010,12385
GRC,CAF_PAS_DEP,2010,203915
ESP,CAF_PAS_DEP,2010,850693
FIN,CAF_PAS_DEP,2010,118695
FRA,CAF_PAS_DEP,2010,736560
HRV,CAF_PAS_DEP,2010,32286
HUN,CAF_PAS_DEP,2010,46884
IRL,CAF_PAS_DEP,2010,101757
ISL,CAF_PAS_DEP,2010,7808
ITA,CAF_PAS_DEP,2010,667171
LTU,CAF_PAS_DEP,2010,15846
LUX,CAF_PAS_DEP,2010,17787
LVA,CAF_PAS_DEP,2010,33170
MNE,CAF_PAS_DEP,2010,
MKD,CAF_PAS_DEP,2010,
MLT,CAF_PAS_DEP,2010,14522
NLD,CAF_PAS_DEP,2010,207041
NOR,CAF_PAS_DEP,2010,267144
POL,CAF_PAS_DEP,2010,120473
PRT,CAF_PAS_DEP,2010,134333
ROU,CAF_PAS_DEP,2010,64232
RS,CAF_PAS_DEP,2010,
SWE,CAF_PAS_DEP,2010,194738
SVN,CAF_PAS_DEP,2010,13224
SVK,CAF_PAS_DEP,2010,11735
TUR,CAF_PAS_DEP,2010,
GBR,CAF_PAS_DEP,2010,959965
AUT,CAF_PAS,2009,287432
BEL,CAF_PAS,2009,264802
BGR,CAF_PAS,2009,57484
CHE,CAF_PAS,2009,379773
CYP,CAF_PAS,2009,61986
CZE,CAF_PAS,2009,168272
DEU,CAF_PAS,2009,1620189
DNK,CAF_PAS,2009,271412
EST,CAF_PAS,2009,23827
GRC,CAF_PAS,2009,327078
ESP,CAF_PAS,2009,1274588
FIN,CAF_PAS,2009,181852
FRA,CAF_PAS,2009,1316105
HRV,CAF_PAS,2009,56104
HUN,CAF_PAS,2009,98715
IRL,CAF_PAS,2009,215840
ISL,CAF_PAS,2009,15066
ITA,CAF_PAS,2009,1014160
LTU,CAF_PAS,2009,26010
LUX,CAF_PAS,2009,35558
LVA,CAF_PAS,2009,57232
MNE,CAF_PAS,2009,
MKD,CAF_PAS,2009,
MLT,CAF_PAS,2009,26625
NLD,CAF_PAS,2009,417519
NOR,CAF_PAS,2009,379302
POL,CAF_PAS,2009,214807
PRT,CAF_PAS,2009,226834
ROU,CAF_PAS,2009,115694
RS,CAF_PAS,2009,
SWE,CAF_PAS,2009,301334
SVN,CAF_PAS,2009,30234
SVK,CAF_PAS,2009,24725
TUR,CAF_PAS,2009,
GBR,CAF_PAS,2009,1752281
AUT,CAF_PAS_ARR,2009,153472
BEL,CAF_PAS_ARR,2009,132851
BGR,CAF_PAS_ARR,2009,30253
CHE,CAF_PAS_ARR,2009,195396
CYP,CAF_PAS_ARR,2009,31900
CZE,CAF_PAS_ARR,2009,84216
DEU,CAF_PAS_ARR,2009,961883
DNK,CAF_PAS_ARR,2009,153447
EST,CAF_PAS_ARR,2009,11910
GRC,CAF_PAS_ARR,2009,217514
ESP,CAF_PAS_ARR,2009,850782
FIN,CAF_PAS_ARR,2009,119594
FRA,CAF_PAS_ARR,2009,820569
HRV,CAF_PAS_ARR,2009,32013
HUN,CAF_PAS_ARR,2009,49346
IRL,CAF_PAS_ARR,2009,113571
ISL,CAF_PAS_ARR,2009,7373
ITA,CAF_PAS_ARR,2009,656704
LTU,CAF_PAS_ARR,2009,13009
LUX,CAF_PAS_ARR,2009,17771
LVA,CAF_PAS_ARR,2009,28448
MNE,CAF_PAS_ARR,2009,
MKD,CAF_PAS_ARR,2009,
MLT,CAF_PAS_ARR,2009,13476
NLD,CAF_PAS_ARR,2009,209037
NOR,CAF_PAS_ARR,2009,262275
POL,CAF_PAS_ARR,2009,117248
PRT,CAF_PAS_ARR,2009,130025
ROU,CAF_PAS_ARR,2009,60986
RS,CAF_PAS_ARR,2009,
SWE,CAF_PAS_ARR,2009,192315
SVN,CAF_PAS_ARR,2009,15307
SVK,CAF_PAS_ARR,2009,13510
TUR,CAF_PAS_ARR,2009,
GBR,CAF_PAS_ARR,2009,1018662
AUT,CAF_PAS_DEP,2009,153661
BEL,CAF_PAS_DEP,2009,132802
BGR,CAF_PAS_DEP,2009,30244
CHE,CAF_PAS_DEP,2009,195325
CYP,CAF_PAS_DEP,2009,31787
CZE,CAF_PAS_DEP,2009,84056
DEU,CAF_PAS_DEP,2009,960942
DNK,CAF_PAS_DEP,2009,153581
EST,CAF_PAS_DEP,2009,11917
GRC,CAF_PAS_DEP,2009,219010
ESP,CAF_PAS_DEP,2009,851401
FIN,CAF_PAS_DEP,2009,120167
FRA,CAF_PAS_DEP,2009,827512
HRV,CAF_PAS_DEP,2009,31955
HUN,CAF_PAS_DEP,2009,49369
IRL,CAF_PAS_DEP,2009,113500
ISL,CAF_PAS_DEP,2009,7693
ITA,CAF_PAS_DEP,2009,654666
LTU,CAF_PAS_DEP,2009,13009
LUX,CAF_PAS_DEP,2009,17805
LVA,CAF_PAS_DEP,2009,28784
MNE,CAF_PAS_DEP,2009,
MKD,CAF_PAS_DEP,2009,
MLT,CAF_PAS_DEP,2009,13465
NLD,CAF_PAS_DEP,2009,209077
NOR,CAF_PAS_DEP,2009,262059
POL,CAF_PAS_DEP,2009,117097
PRT,CAF_PAS_DEP,2009,129159
ROU,CAF_PAS_DEP,2009,61460
RS,CAF_PAS_DEP,2009,
SWE,CAF_PAS_DEP,2009,192542
SVN,CAF_PAS_DEP,2009,14927
SVK,CAF_PAS_DEP,2009,13543
TUR,CAF_PAS_DEP,2009,
GBR,CAF_PAS_DEP,2009,1017996
AUT,CAF_PAS,2008,315137
BEL,CAF_PAS,2008,273578
BGR,CAF_PAS,2008,62695
CHE,CAF_PAS,2008,399892
CYP,CAF_PAS,2008,68558
CZE,CAF_PAS,2008,180589
DEU,CAF_PAS,2008,1734776
DNK,CAF_PAS,2008,304428
EST,CAF_PAS,2008,31719
GRC,CAF_PAS,2008,322466
ESP,CAF_PAS,2008,1421113
FIN,CAF_PAS,2008,194004
FRA,CAF_PAS,2008,1435606
HRV,CAF_PAS,2008,57644
HUN,CAF_PAS,2008,104511
IRL,CAF_PAS,2008,257876
ISL,CAF_PAS,2008,17626
ITA,CAF_PAS,2008,1074529
LTU,CAF_PAS,2008,39665
LUX,CAF_PAS,2008,39257
LVA,CAF_PAS,2008,53839
MNE,CAF_PAS,2008,
MKD,CAF_PAS,2008,
MLT,CAF_PAS,2008,27068
NLD,CAF_PAS,2008,458194
NOR,CAF_PAS,2008,435608
POL,CAF_PAS,2008,236925
PRT,CAF_PAS,2008,247483
ROU,CAF_PAS,2008,113203
RS,CAF_PAS,2008,
SWE,CAF_PAS,2008,333871
SVN,CAF_PAS,2008,32522
SVK,CAF_PAS,2008,31033
TUR,CAF_PAS,2008,
GBR,CAF_PAS,2008,1909875
AUT,CAF_PAS_ARR,2008,167558
BEL,CAF_PAS_ARR,2008,137561
BGR,CAF_PAS_ARR,2008,32847
CHE,CAF_PAS_ARR,2008,205402
CYP,CAF_PAS_ARR,2008,35343
CZE,CAF_PAS_ARR,2008,90424
DEU,CAF_PAS_ARR,2008,1031349
DNK,CAF_PAS_ARR,2008,171616
EST,CAF_PAS_ARR,2008,15863
GRC,CAF_PAS_ARR,2008,207909
ESP,CAF_PAS_ARR,2008,950232
FIN,CAF_PAS_ARR,2008,126186
FRA,CAF_PAS_ARR,2008,893349
HRV,CAF_PAS_ARR,2008,32266
HUN,CAF_PAS_ARR,2008,52243
IRL,CAF_PAS_ARR,2008,136452
ISL,CAF_PAS_ARR,2008,8733
ITA,CAF_PAS_ARR,2008,686626
LTU,CAF_PAS_ARR,2008,19878
LUX,CAF_PAS_ARR,2008,19634
LVA,CAF_PAS_ARR,2008,26790
MNE,CAF_PAS_ARR,2008,
MKD,CAF_PAS_ARR,2008,
MLT,CAF_PAS_ARR,2008,13547
NLD,CAF_PAS_ARR,2008,230112
NOR,CAF_PAS_ARR,2008,340653
POL,CAF_PAS_ARR,2008,128777
PRT,CAF_PAS_ARR,2008,140997
ROU,CAF_PAS_ARR,2008,59873
RS,CAF_PAS_ARR,2008,
SWE,CAF_PAS_ARR,2008,210667
SVN,CAF_PAS_ARR,2008,16292
SVK,CAF_PAS_ARR,2008,16623
TUR,CAF_PAS_ARR,2008,
GBR,CAF_PAS_ARR,2008,1116590
AUT,CAF_PAS_DEP,2008,167828
BEL,CAF_PAS_DEP,2008,137376
BGR,CAF_PAS_DEP,2008,33006
CHE,CAF_PAS_DEP,2008,205206
CYP,CAF_PAS_DEP,2008,35224
CZE,CAF_PAS_DEP,2008,90165
DEU,CAF_PAS_DEP,2008,1030276
DNK,CAF_PAS_DEP,2008,171684
EST,CAF_PAS_DEP,2008,15856
GRC,CAF_PAS_DEP,2008,210177
ESP,CAF_PAS_DEP,2008,950978
FIN,CAF_PAS_DEP,2008,126789
FRA,CAF_PAS_DEP,2008,899834
HRV,CAF_PAS_DEP,2008,32176
HUN,CAF_PAS_DEP,2008,52268
IRL,CAF_PAS_DEP,2008,135618
ISL,CAF_PAS_DEP,2008,8893
ITA,CAF_PAS_DEP,2008,685121
LTU,CAF_PAS_DEP,2008,19875
LUX,CAF_PAS_DEP,2008,19682
LVA,CAF_PAS_DEP,2008,27049
MNE,CAF_PAS_DEP,2008,
MKD,CAF_PAS_DEP,2008,
MLT,CAF_PAS_DEP,2008,13521
NLD,CAF_PAS_DEP,2008,230393
NOR,CAF_PAS_DEP,2008,340194
POL,CAF_PAS_DEP,2008,128679
PRT,CAF_PAS_DEP,2008,139909
ROU,CAF_PAS_DEP,2008,60070
RS,CAF_PAS_DEP,2008,
SWE,CAF_PAS_DEP,2008,211282
SVN,CAF_PAS_DEP,2008,16231
SVK,CAF_PAS_DEP,2008,16662
TUR,CAF_PAS_DEP,2008,
GBR,CAF_PAS_DEP,2008,1115956
AUT,CAF_PAS,2007,300973
BEL,CAF_PAS,2007,263932
BGR,CAF_PAS,2007,59478
CHE,CAF_PAS,2007,389623
CYP,CAF_PAS,2007,67308
CZE,CAF_PAS,2007,173739
DEU,CAF_PAS,2007,1730992
DNK,CAF_PAS,2007,292200
EST,CAF_PAS,2007,28971
GRC,CAF_PAS,2007,335339
ESP,CAF_PAS,2007,1440240
FIN,CAF_PAS,2007,186801
FRA,CAF_PAS,2007,1428532
HRV,CAF_PAS,2007,
HUN,CAF_PAS,2007,109417
IRL,CAF_PAS,2007,252431
ISL,CAF_PAS,2007,19344
ITA,CAF_PAS,2007,1138690
LTU,CAF_PAS,2007,34439
LUX,CAF_PAS,2007,38389
LVA,CAF_PAS,2007,43605
MNE,CAF_PAS,2007,
MKD,CAF_PAS,2007,
MLT,CAF_PAS,2007,27352
NLD,CAF_PAS,2007,463799
NOR,CAF_PAS,2007,418836
POL,CAF_PAS,2007,229548
PRT,CAF_PAS,2007,249618
ROU,CAF_PAS,2007,102345
RS,CAF_PAS,2007,
SWE,CAF_PAS,2007,320450
SVN,CAF_PAS,2007,29181
SVK,CAF_PAS,2007,26893
TUR,CAF_PAS,2007,
GBR,CAF_PAS,2007,1947079
AUT,CAF_PAS_ARR,2007,160136
BEL,CAF_PAS_ARR,2007,132623
BGR,CAF_PAS_ARR,2007,31123
CHE,CAF_PAS_ARR,2007,200623
CYP,CAF_PAS_ARR,2007,34697
CZE,CAF_PAS_ARR,2007,86975
DEU,CAF_PAS_ARR,2007,1032181
DNK,CAF_PAS_ARR,2007,164338
EST,CAF_PAS_ARR,2007,14482
GRC,CAF_PAS_ARR,2007,217095
ESP,CAF_PAS_ARR,2007,970203
FIN,CAF_PAS_ARR,2007,122917
FRA,CAF_PAS_ARR,2007,889997
HRV,CAF_PAS_ARR,2007,
HUN,CAF_PAS_ARR,2007,54692
IRL,CAF_PAS_ARR,2007,133103
ISL,CAF_PAS_ARR,2007,9493
ITA,CAF_PAS_ARR,2007,730023
LTU,CAF_PAS_ARR,2007,17250
LUX,CAF_PAS_ARR,2007,19177
LVA,CAF_PAS_ARR,2007,21744
MNE,CAF_PAS_ARR,2007,
MKD,CAF_PAS_ARR,2007,
MLT,CAF_PAS_ARR,2007,13677
NLD,CAF_PAS_ARR,2007,233187
NOR,CAF_PAS_ARR,2007,330887
POL,CAF_PAS_ARR,2007,125508
PRT,CAF_PAS_ARR,2007,141434
ROU,CAF_PAS_ARR,2007,54282
RS,CAF_PAS_ARR,2007,
SWE,CAF_PAS_ARR,2007,204349
SVN,CAF_PAS_ARR,2007,14579
SVK,CAF_PAS_ARR,2007,14331
TUR,CAF_PAS_ARR,2007,
GBR,CAF_PAS_ARR,2007,1142287
AUT,CAF_PAS_DEP,2007,160414
BEL,CAF_PAS_DEP,2007,132642
BGR,CAF_PAS_DEP,2007,31177
CHE,CAF_PAS_DEP,2007,200322
CYP,CAF_PAS_DEP,2007,34603
CZE,CAF_PAS_DEP,2007,86764
DEU,CAF_PAS_DEP,2007,1031192
DNK,CAF_PAS_DEP,2007,164628
EST,CAF_PAS_DEP,2007,14489
GRC,CAF_PAS_DEP,2007,219520
ESP,CAF_PAS_DEP,2007,971716
FIN,CAF_PAS_DEP,2007,123432
FRA,CAF_PAS_DEP,2007,895553
HRV,CAF_PAS_DEP,2007,
HUN,CAF_PAS_DEP,2007,54725
IRL,CAF_PAS_DEP,2007,133638
ISL,CAF_PAS_DEP,2007,9851
ITA,CAF_PAS_DEP,2007,732651
LTU,CAF_PAS_DEP,2007,17239
LUX,CAF_PAS_DEP,2007,19212
LVA,CAF_PAS_DEP,2007,21864
MNE,CAF_PAS_DEP,2007,
MKD,CAF_PAS_DEP,2007,
MLT,CAF_PAS_DEP,2007,13675
NLD,CAF_PAS_DEP,2007,233246
NOR,CAF_PAS_DEP,2007,330695
POL,CAF_PAS_DEP,2007,125268
PRT,CAF_PAS_DEP,2007,139817
ROU,CAF_PAS_DEP,2007,54343
RS,CAF_PAS_DEP,2007,
SWE,CAF_PAS_DEP,2007,205033
SVN,CAF_PAS_DEP,2007,14602
SVK,CAF_PAS_DEP,2007,14332
TUR,CAF_PAS_DEP,2007,
GBR,CAF_PAS_DEP,2007,1141916
AUT,CAF_PAS,2006,280054
BEL,CAF_PAS,2006,245464
BGR,CAF_PAS,2006,
CHE,CAF_PAS,2006,374954
CYP,CAF_PAS,2006,64073
CZE,CAF_PAS,2006,164921
DEU,CAF_PAS,2006,1669783
DNK,CAF_PAS,2006,290614
EST,CAF_PAS,2006,24730
GRC,CAF_PAS,2006,317218
ESP,CAF_PAS,2006,1318612
FIN,CAF_PAS,2006,184330
FRA,CAF_PAS,2006,1384874
HRV,CAF_PAS,2006,
HUN,CAF_PAS,2006,110626
IRL,CAF_PAS,2006,236819
ISL,CAF_PAS,2006,15904
ITA,CAF_PAS,2006,1039531
LTU,CAF_PAS,2006,32011
LUX,CAF_PAS,2006,39890
LVA,CAF_PAS,2006,35532
MNE,CAF_PAS,2006,
MKD,CAF_PAS,2006,
MLT,CAF_PAS,2006,26636
NLD,CAF_PAS,2006,449566
NOR,CAF_PAS,2006,411513
POL,CAF_PAS,2006,220134
PRT,CAF_PAS,2006,230553
ROU,CAF_PAS,2006,90753
RS,CAF_PAS,2006,
SWE,CAF_PAS,2006,324747
SVN,CAF_PAS,2006,26494
SVK,CAF_PAS,2006,27507
TUR,CAF_PAS,2006,
GBR,CAF_PAS,2006,1904068
AUT,CAF_PAS_ARR,2006,149591
BEL,CAF_PAS_ARR,2006,123849
BGR,CAF_PAS_ARR,2006,
CHE,CAF_PAS_ARR,2006,193666
CYP,CAF_PAS_ARR,2006,33182
CZE,CAF_PAS_ARR,2006,82541
DEU,CAF_PAS_ARR,2006,999772
DNK,CAF_PAS_ARR,2006,163572
EST,CAF_PAS_ARR,2006,12363
GRC,CAF_PAS_ARR,2006,206886
ESP,CAF_PAS_ARR,2006,897689
FIN,CAF_PAS_ARR,2006,124179
FRA,CAF_PAS_ARR,2006,873430
HRV,CAF_PAS_ARR,2006,
HUN,CAF_PAS_ARR,2006,55275
IRL,CAF_PAS_ARR,2006,126347
ISL,CAF_PAS_ARR,2006,7947
ITA,CAF_PAS_ARR,2006,660799
LTU,CAF_PAS_ARR,2006,16100
LUX,CAF_PAS_ARR,2006,19924
LVA,CAF_PAS_ARR,2006,17743
MNE,CAF_PAS_ARR,2006,
MKD,CAF_PAS_ARR,2006,
MLT,CAF_PAS_ARR,2006,13325
NLD,CAF_PAS_ARR,2006,225990
NOR,CAF_PAS_ARR,2006,327078
POL,CAF_PAS_ARR,2006,118217
PRT,CAF_PAS_ARR,2006,132283
ROU,CAF_PAS_ARR,2006,48000
RS,CAF_PAS_ARR,2006,
SWE,CAF_PAS_ARR,2006,209738
SVN,CAF_PAS_ARR,2006,13255
SVK,CAF_PAS_ARR,2006,14457
TUR,CAF_PAS_ARR,2006,
GBR,CAF_PAS_ARR,2006,1125583
AUT,CAF_PAS_DEP,2006,149764
BEL,CAF_PAS_DEP,2006,124145
BGR,CAF_PAS_DEP,2006,
CHE,CAF_PAS_DEP,2006,193281
CYP,CAF_PAS_DEP,2006,33183
CZE,CAF_PAS_DEP,2006,82380
DEU,CAF_PAS_DEP,2006,998937
DNK,CAF_PAS_DEP,2006,163667
EST,CAF_PAS_DEP,2006,12367
GRC,CAF_PAS_DEP,2006,208698
ESP,CAF_PAS_DEP,2006,897319
FIN,CAF_PAS_DEP,2006,125096
FRA,CAF_PAS_DEP,2006,877948
HRV,CAF_PAS_DEP,2006,
HUN,CAF_PAS_DEP,2006,55351
IRL,CAF_PAS_DEP,2006,126110
ISL,CAF_PAS_DEP,2006,7957
ITA,CAF_PAS_DEP,2006,660603
LTU,CAF_PAS_DEP,2006,16106
LUX,CAF_PAS_DEP,2006,19966
LVA,CAF_PAS_DEP,2006,17790
MNE,CAF_PAS_DEP,2006,
MKD,CAF_PAS_DEP,2006,
MLT,CAF_PAS_DEP,2006,13311
NLD,CAF_PAS_DEP,2006,226018
NOR,CAF_PAS_DEP,2006,326856
POL,CAF_PAS_DEP,2006,120217
PRT,CAF_PAS_DEP,2006,131716
ROU,CAF_PAS_DEP,2006,49064
RS,CAF_PAS_DEP,2006,
SWE,CAF_PAS_DEP,2006,209924
SVN,CAF_PAS_DEP,2006,13239
SVK,CAF_PAS_DEP,2006,14455
TUR,CAF_PAS_DEP,2006,
GBR,CAF_PAS_DEP,2006,1125350
AUT,CAF_PAS,2005,280643
BEL,CAF_PAS,2005,217616
BGR,CAF_PAS,2005,
CHE,CAF_PAS,2005,382382
CYP,CAF_PAS,2005,59720
CZE,CAF_PAS,2005,156956
DEU,CAF_PAS,2005,1616746
DNK,CAF_PAS,2005,301401
EST,CAF_PAS,2005,24344
GRC,CAF_PAS,2005,298754
ESP,CAF_PAS,2005,1272290
FIN,CAF_PAS,2005,179171
FRA,CAF_PAS,2005,1336730
HRV,CAF_PAS,2005,
HUN,CAF_PAS,2005,109640
IRL,CAF_PAS,2005,224577
ISL,CAF_PAS,2005,14273
ITA,CAF_PAS,2005,985423
LTU,CAF_PAS,2005,31023
LUX,CAF_PAS,2005,39256
LVA,CAF_PAS,2005,30343
MNE,CAF_PAS,2005,
MKD,CAF_PAS,2005,
MLT,CAF_PAS,2005,28737
NLD,CAF_PAS,2005,425681
NOR,CAF_PAS,2005,382029
POL,CAF_PAS,2005,123492
PRT,CAF_PAS,2005,217501
ROU,CAF_PAS,2005,72673
RS,CAF_PAS,2005,
SWE,CAF_PAS,2005,316792
SVN,CAF_PAS,2005,25870
SVK,CAF_PAS,2005,26420
TUR,CAF_PAS,2005,
GBR,CAF_PAS,2005,1854589
AUT,CAF_PAS_ARR,2005,149554
BEL,CAF_PAS_ARR,2005,109112
BGR,CAF_PAS_ARR,2005,
CHE,CAF_PAS_ARR,2005,197911
CYP,CAF_PAS_ARR,2005,31051
CZE,CAF_PAS_ARR,2005,78541
DEU,CAF_PAS_ARR,2005,971246
DNK,CAF_PAS_ARR,2005,169252
EST,CAF_PAS_ARR,2005,12175
GRC,CAF_PAS_ARR,2005,195554
ESP,CAF_PAS_ARR,2005,861169
FIN,CAF_PAS_ARR,2005,121126
FRA,CAF_PAS_ARR,2005,846416
HRV,CAF_PAS_ARR,2005,
HUN,CAF_PAS_ARR,2005,54820
IRL,CAF_PAS_ARR,2005,119390
ISL,CAF_PAS_ARR,2005,7137
ITA,CAF_PAS_ARR,2005,626217
LTU,CAF_PAS_ARR,2005,16076
LUX,CAF_PAS_ARR,2005,19597
LVA,CAF_PAS_ARR,2005,15160
MNE,CAF_PAS_ARR,2005,
MKD,CAF_PAS_ARR,2005,
MLT,CAF_PAS_ARR,2005,14374
NLD,CAF_PAS_ARR,2005,215012
NOR,CAF_PAS_ARR,2005,308523
POL,CAF_PAS_ARR,2005,61647
PRT,CAF_PAS_ARR,2005,131566
ROU,CAF_PAS_ARR,2005,39431
RS,CAF_PAS_ARR,2005,
SWE,CAF_PAS_ARR,2005,207023
SVN,CAF_PAS_ARR,2005,13013
SVK,CAF_PAS_ARR,2005,14259
TUR,CAF_PAS_ARR,2005,
GBR,CAF_PAS_ARR,2005,1099454
AUT,CAF_PAS_DEP,2005,149765
BEL,CAF_PAS_DEP,2005,108509
BGR,CAF_PAS_DEP,2005,
CHE,CAF_PAS_DEP,2005,197703
CYP,CAF_PAS_DEP,2005,31041
CZE,CAF_PAS_DEP,2005,78415
DEU,CAF_PAS_DEP,2005,970418
DNK,CAF_PAS_DEP,2005,169418
EST,CAF_PAS_DEP,2005,12169
GRC,CAF_PAS_DEP,2005,197667
ESP,CAF_PAS_DEP,2005,862528
FIN,CAF_PAS_DEP,2005,121322
FRA,CAF_PAS_DEP,2005,846572
HRV,CAF_PAS_DEP,2005,
HUN,CAF_PAS_DEP,2005,54820
IRL,CAF_PAS_DEP,2005,120171
ISL,CAF_PAS_DEP,2005,7136
ITA,CAF_PAS_DEP,2005,627605
LTU,CAF_PAS_DEP,2005,16092
LUX,CAF_PAS_DEP,2005,19659
LVA,CAF_PAS_DEP,2005,15189
MNE,CAF_PAS_DEP,2005,
MKD,CAF_PAS_DEP,2005,
MLT,CAF_PAS_DEP,2005,14363
NLD,CAF_PAS_DEP,2005,215087
NOR,CAF_PAS_DEP,2005,308553
POL,CAF_PAS_DEP,2005,61845
PRT,CAF_PAS_DEP,2005,127715
ROU,CAF_PAS_DEP,2005,39667
RS,CAF_PAS_DEP,2005,
SWE,CAF_PAS_DEP,2005,207192
SVN,CAF_PAS_DEP,2005,12858
SVK,CAF_PAS_DEP,2005,14263
TUR,CAF_PAS_DEP,2005,
GBR,CAF_PAS_DEP,2005,1099100
AUT,CAF_PAS,2004,273657
BEL,CAF_PAS,2004,220578
BGR,CAF_PAS,2004,
CHE,CAF_PAS,2004,376381
CYP,CAF_PAS,2004,57830
CZE,CAF_PAS,2004,140328
DEU,CAF_PAS,2004,1543281
DNK,CAF_PAS,2004,306256
EST,CAF_PAS,2004,19767
GRC,CAF_PAS,2004,304203
ESP,CAF_PAS,2004,1180042
FIN,CAF_PAS,2004,180887
FRA,CAF_PAS,2004,1349193
HRV,CAF_PAS,2004,
HUN,CAF_PAS,2004,97884
IRL,CAF_PAS,2004,200021
ISL,CAF_PAS,2004,13697
ITA,CAF_PAS,2004,928758
LTU,CAF_PAS,2004,
LUX,CAF_PAS,2004,39570
LVA,CAF_PAS,2004,23340
MNE,CAF_PAS,2004,
MKD,CAF_PAS,2004,
MLT,CAF_PAS,2004,30327
NLD,CAF_PAS,2004,421827
NOR,CAF_PAS,2004,374114
POL,CAF_PAS,2004,117069
PRT,CAF_PAS,2004,201060
ROU,CAF_PAS,2004,67715
RS,CAF_PAS,2004,
SWE,CAF_PAS,2004,328227
SVN,CAF_PAS,2004,22809
SVK,CAF_PAS,2004,23424
TUR,CAF_PAS,2004,
GBR,CAF_PAS,2004,1749041
AUT,CAF_PAS_ARR,2004,146035
BEL,CAF_PAS_ARR,2004,110321
BGR,CAF_PAS_ARR,2004,
CHE,CAF_PAS_ARR,2004,194594
CYP,CAF_PAS_ARR,2004,30194
CZE,CAF_PAS_ARR,2004,70206
DEU,CAF_PAS_ARR,2004,934305
DNK,CAF_PAS_ARR,2004,172053
EST,CAF_PAS_ARR,2004,9879
GRC,CAF_PAS_ARR,2004,201740
ESP,CAF_PAS_ARR,2004,794209
FIN,CAF_PAS_ARR,2004,122003
FRA,CAF_PAS_ARR,2004,844002
HRV,CAF_PAS_ARR,2004,
HUN,CAF_PAS_ARR,2004,48888
IRL,CAF_PAS_ARR,2004,104481
ISL,CAF_PAS_ARR,2004,6848
ITA,CAF_PAS_ARR,2004,597600
LTU,CAF_PAS_ARR,2004,
LUX,CAF_PAS_ARR,2004,19754
LVA,CAF_PAS_ARR,2004,11679
MNE,CAF_PAS_ARR,2004,
MKD,CAF_PAS_ARR,2004,
MLT,CAF_PAS_ARR,2004,15162
NLD,CAF_PAS_ARR,2004,213797
NOR,CAF_PAS_ARR,2004,301628
POL,CAF_PAS_ARR,2004,58414
PRT,CAF_PAS_ARR,2004,119225
ROU,CAF_PAS_ARR,2004,39788
RS,CAF_PAS_ARR,2004,
SWE,CAF_PAS_ARR,2004,214880
SVN,CAF_PAS_ARR,2004,11410
SVK,CAF_PAS_ARR,2004,12644
TUR,CAF_PAS_ARR,2004,
GBR,CAF_PAS_ARR,2004,1032518
AUT,CAF_PAS_DEP,2004,146250
BEL,CAF_PAS_DEP,2004,110258
BGR,CAF_PAS_DEP,2004,
CHE,CAF_PAS_DEP,2004,194542
CYP,CAF_PAS_DEP,2004,30192
CZE,CAF_PAS_DEP,2004,70122
DEU,CAF_PAS_DEP,2004,933199
DNK,CAF_PAS_DEP,2004,172050
EST,CAF_PAS_DEP,2004,9888
GRC,CAF_PAS_DEP,2004,202920
ESP,CAF_PAS_DEP,2004,794465
FIN,CAF_PAS_DEP,2004,122402
FRA,CAF_PAS_DEP,2004,843135
HRV,CAF_PAS_DEP,2004,
HUN,CAF_PAS_DEP,2004,48996
IRL,CAF_PAS_DEP,2004,104319
ISL,CAF_PAS_DEP,2004,6849
ITA,CAF_PAS_DEP,2004,598104
LTU,CAF_PAS_DEP,2004,
LUX,CAF_PAS_DEP,2004,19816
LVA,CAF_PAS_DEP,2004,11661
MNE,CAF_PAS_DEP,2004,
MKD,CAF_PAS_DEP,2004,
MLT,CAF_PAS_DEP,2004,15226
NLD,CAF_PAS_DEP,2004,213714
NOR,CAF_PAS_DEP,2004,303464
POL,CAF_PAS_DEP,2004,58655
PRT,CAF_PAS_DEP,2004,118861
ROU,CAF_PAS_DEP,2004,40405
RS,CAF_PAS_DEP,2004,
SWE,CAF_PAS_DEP,2004,214984
SVN,CAF_PAS_DEP,2004,11401
SVK,CAF_PAS_DEP,2004,12645
TUR,CAF_PAS_DEP,2004,
GBR,CAF_PAS_DEP,2004,1032550
AUT,CAF_PAS,2003,244376
BEL,CAF_PAS,2003,208235
BGR,CAF_PAS,2003,
CHE,CAF_PAS,2003,386361
CYP,CAF_PAS,2003,63340
CZE,CAF_PAS,2003,110289
DEU,CAF_PAS,2003,1431561
DNK,CAF_PAS,2003,279152
EST,CAF_PAS,2003,17310
GRC,CAF_PAS,2003,278622
ESP,CAF_PAS,2003,1071801
FIN,CAF_PAS,2003,169583
FRA,CAF_PAS,2003,1329953
HRV,CAF_PAS,2003,
HUN,CAF_PAS,2003,76785
IRL,CAF_PAS,2003,199597
ISL,CAF_PAS,2003,11629
ITA,CAF_PAS,2003,911714
LTU,CAF_PAS,2003,
LUX,CAF_PAS,2003,2771
LVA,CAF_PAS,2003,19504
MNE,CAF_PAS,2003,
MKD,CAF_PAS,2003,
MLT,CAF_PAS,2003,30411
NLD,CAF_PAS,2003,409024
NOR,CAF_PAS,2003,350256
POL,CAF_PAS,2003,
PRT,CAF_PAS,2003,193392
ROU,CAF_PAS,2003,
RS,CAF_PAS,2003,
SWE,CAF_PAS,2003,312343
SVN,CAF_PAS,2003,
SVK,CAF_PAS,2003,15391
TUR,CAF_PAS,2003,
GBR,CAF_PAS,2003,1659028
AUT,CAF_PAS_ARR,2003,131680
BEL,CAF_PAS_ARR,2003,104182
BGR,CAF_PAS_ARR,2003,
CHE,CAF_PAS_ARR,2003,202550
CYP,CAF_PAS_ARR,2003,33124
CZE,CAF_PAS_ARR,2003,55151
DEU,CAF_PAS_ARR,2003,876948
DNK,CAF_PAS_ARR,2003,152610
EST,CAF_PAS_ARR,2003,8701
GRC,CAF_PAS_ARR,2003,182958
ESP,CAF_PAS_ARR,2003,723719
FIN,CAF_PAS_ARR,2003,115787
FRA,CAF_PAS_ARR,2003,864023
HRV,CAF_PAS_ARR,2003,
HUN,CAF_PAS_ARR,2003,38297
IRL,CAF_PAS_ARR,2003,104686
ISL,CAF_PAS_ARR,2003,5716
ITA,CAF_PAS_ARR,2003,592651
LTU,CAF_PAS_ARR,2003,
LUX,CAF_PAS_ARR,2003,1108
LVA,CAF_PAS_ARR,2003,9755
MNE,CAF_PAS_ARR,2003,
MKD,CAF_PAS_ARR,2003,
MLT,CAF_PAS_ARR,2003,15205
NLD,CAF_PAS_ARR,2003,207608
NOR,CAF_PAS_ARR,2003,286803
POL,CAF_PAS_ARR,2003,
PRT,CAF_PAS_ARR,2003,113348
ROU,CAF_PAS_ARR,2003,
RS,CAF_PAS_ARR,2003,
SWE,CAF_PAS_ARR,2003,203454
SVN,CAF_PAS_ARR,2003,
SVK,CAF_PAS_ARR,2003,8572
TUR,CAF_PAS_ARR,2003,
GBR,CAF_PAS_ARR,2003,975272
AUT,CAF_PAS_DEP,2003,131869
BEL,CAF_PAS_DEP,2003,104053
BGR,CAF_PAS_DEP,2003,
CHE,CAF_PAS_DEP,2003,202446
CYP,CAF_PAS_DEP,2003,33081
CZE,CAF_PAS_DEP,2003,55138
DEU,CAF_PAS_DEP,2003,875912
DNK,CAF_PAS_DEP,2003,152701
EST,CAF_PAS_DEP,2003,8701
GRC,CAF_PAS_DEP,2003,183349
ESP,CAF_PAS_DEP,2003,720955
FIN,CAF_PAS_DEP,2003,116301
FRA,CAF_PAS_DEP,2003,863706
HRV,CAF_PAS_DEP,2003,
HUN,CAF_PAS_DEP,2003,38488
IRL,CAF_PAS_DEP,2003,104651
ISL,CAF_PAS_DEP,2003,5913
ITA,CAF_PAS_DEP,2003,587998
LTU,CAF_PAS_DEP,2003,
LUX,CAF_PAS_DEP,2003,1663
LVA,CAF_PAS_DEP,2003,9749
MNE,CAF_PAS_DEP,2003,
MKD,CAF_PAS_DEP,2003,
MLT,CAF_PAS_DEP,2003,15206
NLD,CAF_PAS_DEP,2003,207669
NOR,CAF_PAS_DEP,2003,287306
POL,CAF_PAS_DEP,2003,
PRT,CAF_PAS_DEP,2003,113139
ROU,CAF_PAS_DEP,2003,
RS,CAF_PAS_DEP,2003,
SWE,CAF_PAS_DEP,2003,203741
SVN,CAF_PAS_DEP,2003,
SVK,CAF_PAS_DEP,2003,8582
TUR,CAF_PAS_DEP,2003,
GBR,CAF_PAS_DEP,2003,976700
AUT,CAF_PAS,2002,232351
BEL,CAF_PAS,2002,200756
BGR,CAF_PAS,2002,
CHE,CAF_PAS,2002,535810
CYP,CAF_PAS,2002,
CZE,CAF_PAS,2002,57075
DEU,CAF_PAS,2002,0
DNK,CAF_PAS,2002,278124
EST,CAF_PAS,2002,17672
GRC,CAF_PAS,2002,
ESP,CAF_PAS,2002,1053320
FIN,CAF_PAS,2002,159501
FRA,CAF_PAS,2002,1347076
HRV,CAF_PAS,2002,
HUN,CAF_PAS,2002,66731
IRL,CAF_PAS,2002,196660
ISL,CAF_PAS,2002,
ITA,CAF_PAS,2002,783612
LTU,CAF_PAS,2002,
LUX,CAF_PAS,2002,3212
LVA,CAF_PAS,2002,18417
MNE,CAF_PAS,2002,
MKD,CAF_PAS,2002,
MLT,CAF_PAS,2002,29910
NLD,CAF_PAS,2002,81508
NOR,CAF_PAS,2002,341835
POL,CAF_PAS,2002,
PRT,CAF_PAS,2002,189709
ROU,CAF_PAS,2002,
RS,CAF_PAS,2002,
SWE,CAF_PAS,2002,326128
SVN,CAF_PAS,2002,
SVK,CAF_PAS,2002,11045
TUR,CAF_PAS,2002,
GBR,CAF_PAS,2002,868660
AUT,CAF_PAS_ARR,2002,126098
BEL,CAF_PAS_ARR,2002,100426
BGR,CAF_PAS_ARR,2002,
CHE,CAF_PAS_ARR,2002,256471
CYP,CAF_PAS_ARR,2002,
CZE,CAF_PAS_ARR,2002,28663
DEU,CAF_PAS_ARR,2002,0
DNK,CAF_PAS_ARR,2002,148022
EST,CAF_PAS_ARR,2002,8850
GRC,CAF_PAS_ARR,2002,
ESP,CAF_PAS_ARR,2002,704701
FIN,CAF_PAS_ARR,2002,110098
FRA,CAF_PAS_ARR,2002,876207
HRV,CAF_PAS_ARR,2002,
HUN,CAF_PAS_ARR,2002,33331
IRL,CAF_PAS_ARR,2002,102818
ISL,CAF_PAS_ARR,2002,
ITA,CAF_PAS_ARR,2002,500531
LTU,CAF_PAS_ARR,2002,
LUX,CAF_PAS_ARR,2002,1501
LVA,CAF_PAS_ARR,2002,9079
MNE,CAF_PAS_ARR,2002,
MKD,CAF_PAS_ARR,2002,
MLT,CAF_PAS_ARR,2002,14987
NLD,CAF_PAS_ARR,2002,47914
NOR,CAF_PAS_ARR,2002,280372
POL,CAF_PAS_ARR,2002,
PRT,CAF_PAS_ARR,2002,112069
ROU,CAF_PAS_ARR,2002,
RS,CAF_PAS_ARR,2002,
SWE,CAF_PAS_ARR,2002,214886
SVN,CAF_PAS_ARR,2002,
SVK,CAF_PAS_ARR,2002,6444
TUR,CAF_PAS_ARR,2002,
GBR,CAF_PAS_ARR,2002,503126
AUT,CAF_PAS_DEP,2002,126434
BEL,CAF_PAS_DEP,2002,100330
BGR,CAF_PAS_DEP,2002,
CHE,CAF_PAS_DEP,2002,255512
CYP,CAF_PAS_DEP,2002,
CZE,CAF_PAS_DEP,2002,28412
DEU,CAF_PAS_DEP,2002,0
DNK,CAF_PAS_DEP,2002,148238
EST,CAF_PAS_DEP,2002,8868
GRC,CAF_PAS_DEP,2002,
ESP,CAF_PAS_DEP,2002,714401
FIN,CAF_PAS_DEP,2002,111194
FRA,CAF_PAS_DEP,2002,876822
HRV,CAF_PAS_DEP,2002,
HUN,CAF_PAS_DEP,2002,33400
IRL,CAF_PAS_DEP,2002,102773
ISL,CAF_PAS_DEP,2002,
ITA,CAF_PAS_DEP,2002,503689
LTU,CAF_PAS_DEP,2002,
LUX,CAF_PAS_DEP,2002,1711
LVA,CAF_PAS_DEP,2002,9338
MNE,CAF_PAS_DEP,2002,
MKD,CAF_PAS_DEP,2002,
MLT,CAF_PAS_DEP,2002,15128
NLD,CAF_PAS_DEP,2002,36379
NOR,CAF_PAS_DEP,2002,280640
POL,CAF_PAS_DEP,2002,
PRT,CAF_PAS_DEP,2002,112000
ROU,CAF_PAS_DEP,2002,
RS,CAF_PAS_DEP,2002,
SWE,CAF_PAS_DEP,2002,215200
SVN,CAF_PAS_DEP,2002,
SVK,CAF_PAS_DEP,2002,6446
TUR,CAF_PAS_DEP,2002,
GBR,CAF_PAS_DEP,2002,539864
AUT,CAF_PAS,2001,231825
BEL,CAF_PAS,2001,275607
BGR,CAF_PAS,2001,
CHE,CAF_PAS,2001,27825
CYP,CAF_PAS,2001,64234
CZE,CAF_PAS,2001,
DEU,CAF_PAS,2001,
DNK,CAF_PAS,2001,293709
EST,CAF_PAS,2001,16929
GRC,CAF_PAS,2001,
ESP,CAF_PAS,2001,1056513
FIN,CAF_PAS,2001,167564
FRA,CAF_PAS,2001,
HRV,CAF_PAS,2001,
HUN,CAF_PAS,2001,68395
IRL,CAF_PAS,2001,197466
ISL,CAF_PAS,2001,
ITA,CAF_PAS,2001,493399
LTU,CAF_PAS,2001,
LUX,CAF_PAS,2001,1248
LVA,CAF_PAS,2001,18910
MNE,CAF_PAS,2001,
MKD,CAF_PAS,2001,
MLT,CAF_PAS,2001,27082
NLD,CAF_PAS,2001,87164
NOR,CAF_PAS,2001,365694
POL,CAF_PAS,2001,
PRT,CAF_PAS,2001,3989
ROU,CAF_PAS,2001,
RS,CAF_PAS,2001,
SWE,CAF_PAS,2001,363749
SVN,CAF_PAS,2001,
SVK,CAF_PAS,2001,9008
TUR,CAF_PAS,2001,
GBR,CAF_PAS,2001,966591
AUT,CAF_PAS_ARR,2001,125339
BEL,CAF_PAS_ARR,2001,137664
BGR,CAF_PAS_ARR,2001,
CHE,CAF_PAS_ARR,2001,15225
CYP,CAF_PAS_ARR,2001,33220
CZE,CAF_PAS_ARR,2001,
DEU,CAF_PAS_ARR,2001,
DNK,CAF_PAS_ARR,2001,155931
EST,CAF_PAS_ARR,2001,8481
GRC,CAF_PAS_ARR,2001,
ESP,CAF_PAS_ARR,2001,719275
FIN,CAF_PAS_ARR,2001,114220
FRA,CAF_PAS_ARR,2001,
HRV,CAF_PAS_ARR,2001,
HUN,CAF_PAS_ARR,2001,34121
IRL,CAF_PAS_ARR,2001,103847
ISL,CAF_PAS_ARR,2001,
ITA,CAF_PAS_ARR,2001,284194
LTU,CAF_PAS_ARR,2001,
LUX,CAF_PAS_ARR,2001,706
LVA,CAF_PAS_ARR,2001,9451
MNE,CAF_PAS_ARR,2001,
MKD,CAF_PAS_ARR,2001,
MLT,CAF_PAS_ARR,2001,13496
NLD,CAF_PAS_ARR,2001,54657
NOR,CAF_PAS_ARR,2001,298218
POL,CAF_PAS_ARR,2001,
PRT,CAF_PAS_ARR,2001,2173
ROU,CAF_PAS_ARR,2001,
RS,CAF_PAS_ARR,2001,
SWE,CAF_PAS_ARR,2001,237059
SVN,CAF_PAS_ARR,2001,
SVK,CAF_PAS_ARR,2001,4937
TUR,CAF_PAS_ARR,2001,
GBR,CAF_PAS_ARR,2001,571153
AUT,CAF_PAS_DEP,2001,125442
BEL,CAF_PAS_DEP,2001,138034
BGR,CAF_PAS_DEP,2001,
CHE,CAF_PAS_DEP,2001,13226
CYP,CAF_PAS_DEP,2001,33368
CZE,CAF_PAS_DEP,2001,
DEU,CAF_PAS_DEP,2001,
DNK,CAF_PAS_DEP,2001,156501
EST,CAF_PAS_DEP,2001,8482
GRC,CAF_PAS_DEP,2001,
ESP,CAF_PAS_DEP,2001,720367
FIN,CAF_PAS_DEP,2001,119343
FRA,CAF_PAS_DEP,2001,
HRV,CAF_PAS_DEP,2001,
HUN,CAF_PAS_DEP,2001,34274
IRL,CAF_PAS_DEP,2001,103665
ISL,CAF_PAS_DEP,2001,
ITA,CAF_PAS_DEP,2001,284921
LTU,CAF_PAS_DEP,2001,
LUX,CAF_PAS_DEP,2001,542
LVA,CAF_PAS_DEP,2001,9459
MNE,CAF_PAS_DEP,2001,
MKD,CAF_PAS_DEP,2001,
MLT,CAF_PAS_DEP,2001,13586
NLD,CAF_PAS_DEP,2001,35470
NOR,CAF_PAS_DEP,2001,298318
POL,CAF_PAS_DEP,2001,
PRT,CAF_PAS_DEP,2001,2002
ROU,CAF_PAS_DEP,2001,
RS,CAF_PAS_DEP,2001,
SWE,CAF_PAS_DEP,2001,237374
SVN,CAF_PAS_DEP,2001,
SVK,CAF_PAS_DEP,2001,4942
TUR,CAF_PAS_DEP,2001,
GBR,CAF_PAS_DEP,2001,596864
AUT,CAF_PAS,2000,239357
BEL,CAF_PAS,2000,281421
BGR,CAF_PAS,2000,
CHE,CAF_PAS,2000,28519
CYP,CAF_PAS,2000,
CZE,CAF_PAS,2000,
DEU,CAF_PAS,2000,
DNK,CAF_PAS,2000,
EST,CAF_PAS,2000,
GRC,CAF_PAS,2000,
ESP,CAF_PAS,2000,1095216
FIN,CAF_PAS,2000,163715
FRA,CAF_PAS,2000,
HRV,CAF_PAS,2000,
HUN,CAF_PAS,2000,
IRL,CAF_PAS,2000,184973
ISL,CAF_PAS,2000,
ITA,CAF_PAS,2000,188088
LTU,CAF_PAS,2000,
LUX,CAF_PAS,2000,2454
LVA,CAF_PAS,2000,
MNE,CAF_PAS,2000,
MKD,CAF_PAS,2000,
MLT,CAF_PAS,2000,
NLD,CAF_PAS,2000,
NOR,CAF_PAS,2000,355642
POL,CAF_PAS,2000,
PRT,CAF_PAS,2000,
ROU,CAF_PAS,2000,
RS,CAF_PAS,2000,
SWE,CAF_PAS,2000,372854
SVN,CAF_PAS,2000,
SVK,CAF_PAS,2000,
TUR,CAF_PAS,2000,
GBR,CAF_PAS,2000,1682293
AUT,CAF_PAS_ARR,2000,130169
BEL,CAF_PAS_ARR,2000,140713
BGR,CAF_PAS_ARR,2000,
CHE,CAF_PAS_ARR,2000,16825
CYP,CAF_PAS_ARR,2000,
CZE,CAF_PAS_ARR,2000,
DEU,CAF_PAS_ARR,2000,
DNK,CAF_PAS_ARR,2000,
EST,CAF_PAS_ARR,2000,
GRC,CAF_PAS_ARR,2000,
ESP,CAF_PAS_ARR,2000,330431
FIN,CAF_PAS_ARR,2000,112069
FRA,CAF_PAS_ARR,2000,
HRV,CAF_PAS_ARR,2000,
HUN,CAF_PAS_ARR,2000,
IRL,CAF_PAS_ARR,2000,97821
ISL,CAF_PAS_ARR,2000,
ITA,CAF_PAS_ARR,2000,113958
LTU,CAF_PAS_ARR,2000,
LUX,CAF_PAS_ARR,2000,1366
LVA,CAF_PAS_ARR,2000,
MNE,CAF_PAS_ARR,2000,
MKD,CAF_PAS_ARR,2000,
MLT,CAF_PAS_ARR,2000,
NLD,CAF_PAS_ARR,2000,
NOR,CAF_PAS_ARR,2000,257888
POL,CAF_PAS_ARR,2000,
PRT,CAF_PAS_ARR,2000,
ROU,CAF_PAS_ARR,2000,
RS,CAF_PAS_ARR,2000,
SWE,CAF_PAS_ARR,2000,242963
SVN,CAF_PAS_ARR,2000,
SVK,CAF_PAS_ARR,2000,
TUR,CAF_PAS_ARR,2000,
GBR,CAF_PAS_ARR,2000,1035113
AUT,CAF_PAS_DEP,2000,130247
BEL,CAF_PAS_DEP,2000,140809
BGR,CAF_PAS_DEP,2000,
CHE,CAF_PAS_DEP,2000,12384
CYP,CAF_PAS_DEP,2000,
CZE,CAF_PAS_DEP,2000,
DEU,CAF_PAS_DEP,2000,
DNK,CAF_PAS_DEP,2000,
EST,CAF_PAS_DEP,2000,
GRC,CAF_PAS_DEP,2000,
ESP,CAF_PAS_DEP,2000,764785
FIN,CAF_PAS_DEP,2000,119370
FRA,CAF_PAS_DEP,2000,
HRV,CAF_PAS_DEP,2000,
HUN,CAF_PAS_DEP,2000,
IRL,CAF_PAS_DEP,2000,97835
ISL,CAF_PAS_DEP,2000,
ITA,CAF_PAS_DEP,2000,109863
LTU,CAF_PAS_DEP,2000,
LUX,CAF_PAS_DEP,2000,1088
LVA,CAF_PAS_DEP,2000,
MNE,CAF_PAS_DEP,2000,
MKD,CAF_PAS_DEP,2000,
MLT,CAF_PAS_DEP,2000,
NLD,CAF_PAS_DEP,2000,
NOR,CAF_PAS_DEP,2000,257203
POL,CAF_PAS_DEP,2000,
PRT,CAF_PAS_DEP,2000,
ROU,CAF_PAS_DEP,2000,
RS,CAF_PAS_DEP,2000,
SWE,CAF_PAS_DEP,2000,242977
SVN,CAF_PAS_DEP,2000,
SVK,CAF_PAS_DEP,2000,
TUR,CAF_PAS_DEP,2000,
GBR,CAF_PAS_DEP,2000,1034998
AUT,CAF_PAS,1999,217241
BEL,CAF_PAS,1999,267234
BGR,CAF_PAS,1999,
CHE,CAF_PAS,1999,384020
CYP,CAF_PAS,1999,
CZE,CAF_PAS,1999,
DEU,CAF_PAS,1999,177241
DNK,CAF_PAS,1999,
EST,CAF_PAS,1999,
GRC,CAF_PAS,1999,
ESP,CAF_PAS,1999,
FIN,CAF_PAS,1999,157979
FRA,CAF_PAS,1999,
HRV,CAF_PAS,1999,
HUN,CAF_PAS,1999,
IRL,CAF_PAS,1999,172595
ISL,CAF_PAS,1999,
ITA,CAF_PAS,1999,161661
LTU,CAF_PAS,1999,
LUX,CAF_PAS,1999,2267
LVA,CAF_PAS,1999,
MNE,CAF_PAS,1999,
MKD,CAF_PAS,1999,
MLT,CAF_PAS,1999,
NLD,CAF_PAS,1999,
NOR,CAF_PAS,1999,390342
POL,CAF_PAS,1999,
PRT,CAF_PAS,1999,164636
ROU,CAF_PAS,1999,
RS,CAF_PAS,1999,
SWE,CAF_PAS,1999,368469
SVN,CAF_PAS,1999,
SVK,CAF_PAS,1999,
TUR,CAF_PAS,1999,
GBR,CAF_PAS,1999,1497244
AUT,CAF_PAS_ARR,1999,117710
BEL,CAF_PAS_ARR,1999,133532
BGR,CAF_PAS_ARR,1999,
CHE,CAF_PAS_ARR,1999,202355
CYP,CAF_PAS_ARR,1999,
CZE,CAF_PAS_ARR,1999,
DEU,CAF_PAS_ARR,1999,63353
DNK,CAF_PAS_ARR,1999,
EST,CAF_PAS_ARR,1999,
GRC,CAF_PAS_ARR,1999,
ESP,CAF_PAS_ARR,1999,
FIN,CAF_PAS_ARR,1999,109076
FRA,CAF_PAS_ARR,1999,
HRV,CAF_PAS_ARR,1999,
HUN,CAF_PAS_ARR,1999,
IRL,CAF_PAS_ARR,1999,91130
ISL,CAF_PAS_ARR,1999,
ITA,CAF_PAS_ARR,1999,98201
LTU,CAF_PAS_ARR,1999,
LUX,CAF_PAS_ARR,1999,1373
LVA,CAF_PAS_ARR,1999,
MNE,CAF_PAS_ARR,1999,
MKD,CAF_PAS_ARR,1999,
MLT,CAF_PAS_ARR,1999,
NLD,CAF_PAS_ARR,1999,
NOR,CAF_PAS_ARR,1999,328873
POL,CAF_PAS_ARR,1999,
PRT,CAF_PAS_ARR,1999,95204
ROU,CAF_PAS_ARR,1999,
RS,CAF_PAS_ARR,1999,
SWE,CAF_PAS_ARR,1999,242733
SVN,CAF_PAS_ARR,1999,
SVK,CAF_PAS_ARR,1999,
TUR,CAF_PAS_ARR,1999,
GBR,CAF_PAS_ARR,1999,882149
AUT,CAF_PAS_DEP,1999,117772
BEL,CAF_PAS_DEP,1999,133729
BGR,CAF_PAS_DEP,1999,
CHE,CAF_PAS_DEP,1999,202452
CYP,CAF_PAS_DEP,1999,
CZE,CAF_PAS_DEP,1999,
DEU,CAF_PAS_DEP,1999,113888
DNK,CAF_PAS_DEP,1999,
EST,CAF_PAS_DEP,1999,
GRC,CAF_PAS_DEP,1999,
ESP,CAF_PAS_DEP,1999,
FIN,CAF_PAS_DEP,1999,116044
FRA,CAF_PAS_DEP,1999,
HRV,CAF_PAS_DEP,1999,
HUN,CAF_PAS_DEP,1999,
IRL,CAF_PAS_DEP,1999,91100
ISL,CAF_PAS_DEP,1999,
ITA,CAF_PAS_DEP,1999,97830
LTU,CAF_PAS_DEP,1999,
LUX,CAF_PAS_DEP,1999,894
LVA,CAF_PAS_DEP,1999,
MNE,CAF_PAS_DEP,1999,
MKD,CAF_PAS_DEP,1999,
MLT,CAF_PAS_DEP,1999,
NLD,CAF_PAS_DEP,1999,
NOR,CAF_PAS_DEP,1999,327166
POL,CAF_PAS_DEP,1999,
PRT,CAF_PAS_DEP,1999,94681
ROU,CAF_PAS_DEP,1999,
RS,CAF_PAS_DEP,1999,
SWE,CAF_PAS_DEP,1999,242896
SVN,CAF_PAS_DEP,1999,
SVK,CAF_PAS_DEP,1999,
TUR,CAF_PAS_DEP,1999,
GBR,CAF_PAS_DEP,1999,882180
AUT,CAF_PAS,1998,213724
BEL,CAF_PAS,1998,
BGR,CAF_PAS,1998,
CHE,CAF_PAS,1998,360051
CYP,CAF_PAS,1998,
CZE,CAF_PAS,1998,
DEU,CAF_PAS,1998,
DNK,CAF_PAS,1998,
EST,CAF_PAS,1998,
GRC,CAF_PAS,1998,
ESP,CAF_PAS,1998,
FIN,CAF_PAS,1998,162991
FRA,CAF_PAS,1998,
HRV,CAF_PAS,1998,
HUN,CAF_PAS,1998,
IRL,CAF_PAS,1998,
ISL,CAF_PAS,1998,
ITA,CAF_PAS,1998,
LTU,CAF_PAS,1998,
LUX,CAF_PAS,1998,7012
LVA,CAF_PAS,1998,
MNE,CAF_PAS,1998,
MKD,CAF_PAS,1998,
MLT,CAF_PAS,1998,
NLD,CAF_PAS,1998,79483
NOR,CAF_PAS,1998,
POL,CAF_PAS,1998,
PRT,CAF_PAS,1998,148982
ROU,CAF_PAS,1998,
RS,CAF_PAS,1998,
SWE,CAF_PAS,1998,0
SVN,CAF_PAS,1998,
SVK,CAF_PAS,1998,
TUR,CAF_PAS,1998,
GBR,CAF_PAS,1998,1420426
AUT,CAF_PAS_ARR,1998,116466
BEL,CAF_PAS_ARR,1998,
BGR,CAF_PAS_ARR,1998,
CHE,CAF_PAS_ARR,1998,190333
CYP,CAF_PAS_ARR,1998,
CZE,CAF_PAS_ARR,1998,
DEU,CAF_PAS_ARR,1998,
DNK,CAF_PAS_ARR,1998,
EST,CAF_PAS_ARR,1998,
GRC,CAF_PAS_ARR,1998,
ESP,CAF_PAS_ARR,1998,
FIN,CAF_PAS_ARR,1998,116745
FRA,CAF_PAS_ARR,1998,
HRV,CAF_PAS_ARR,1998,
HUN,CAF_PAS_ARR,1998,
IRL,CAF_PAS_ARR,1998,
ISL,CAF_PAS_ARR,1998,
ITA,CAF_PAS_ARR,1998,
LTU,CAF_PAS_ARR,1998,
LUX,CAF_PAS_ARR,1998,4087
LVA,CAF_PAS_ARR,1998,
MNE,CAF_PAS_ARR,1998,
MKD,CAF_PAS_ARR,1998,
MLT,CAF_PAS_ARR,1998,
NLD,CAF_PAS_ARR,1998,40137
NOR,CAF_PAS_ARR,1998,
POL,CAF_PAS_ARR,1998,
PRT,CAF_PAS_ARR,1998,85966
ROU,CAF_PAS_ARR,1998,
RS,CAF_PAS_ARR,1998,
SWE,CAF_PAS_ARR,1998,0
SVN,CAF_PAS_ARR,1998,
SVK,CAF_PAS_ARR,1998,
TUR,CAF_PAS_ARR,1998,
GBR,CAF_PAS_ARR,1998,838704
AUT,CAF_PAS_DEP,1998,116488
BEL,CAF_PAS_DEP,1998,
BGR,CAF_PAS_DEP,1998,
CHE,CAF_PAS_DEP,1998,190199
CYP,CAF_PAS_DEP,1998,
CZE,CAF_PAS_DEP,1998,
DEU,CAF_PAS_DEP,1998,
DNK,CAF_PAS_DEP,1998,
EST,CAF_PAS_DEP,1998,
GRC,CAF_PAS_DEP,1998,
ESP,CAF_PAS_DEP,1998,
FIN,CAF_PAS_DEP,1998,120827
FRA,CAF_PAS_DEP,1998,
HRV,CAF_PAS_DEP,1998,
HUN,CAF_PAS_DEP,1998,
IRL,CAF_PAS_DEP,1998,
ISL,CAF_PAS_DEP,1998,
ITA,CAF_PAS_DEP,1998,
LTU,CAF_PAS_DEP,1998,
LUX,CAF_PAS_DEP,1998,2925
LVA,CAF_PAS_DEP,1998,
MNE,CAF_PAS_DEP,1998,
MKD,CAF_PAS_DEP,1998,
MLT,CAF_PAS_DEP,1998,
NLD,CAF_PAS_DEP,1998,39346
NOR,CAF_PAS_DEP,1998,
POL,CAF_PAS_DEP,1998,
PRT,CAF_PAS_DEP,1998,85730
ROU,CAF_PAS_DEP,1998,
RS,CAF_PAS_DEP,1998,
SWE,CAF_PAS_DEP,1998,0
SVN,CAF_PAS_DEP,1998,
SVK,CAF_PAS_DEP,1998,
TUR,CAF_PAS_DEP,1998,
GBR,CAF_PAS_DEP,1998,838912
AUT,CAF_PAS,1997,205917
BEL,CAF_PAS,1997,
BGR,CAF_PAS,1997,
CHE,CAF_PAS,1997,345728
CYP,CAF_PAS,1997,
CZE,CAF_PAS,1997,
DEU,CAF_PAS,1997,99751
DNK,CAF_PAS,1997,218577
EST,CAF_PAS,1997,
GRC,CAF_PAS,1997,
ESP,CAF_PAS,1997,
FIN,CAF_PAS,1997,2167
FRA,CAF_PAS,1997,
HRV,CAF_PAS,1997,
HUN,CAF_PAS,1997,
IRL,CAF_PAS,1997,
ISL,CAF_PAS,1997,
ITA,CAF_PAS,1997,
LTU,CAF_PAS,1997,
LUX,CAF_PAS,1997,7424
LVA,CAF_PAS,1997,
MNE,CAF_PAS,1997,
MKD,CAF_PAS,1997,
MLT,CAF_PAS,1997,
NLD,CAF_PAS,1997,
NOR,CAF_PAS,1997,
POL,CAF_PAS,1997,
PRT,CAF_PAS,1997,128345
ROU,CAF_PAS,1997,
RS,CAF_PAS,1997,
SWE,CAF_PAS,1997,0
SVN,CAF_PAS,1997,
SVK,CAF_PAS,1997,
TUR,CAF_PAS,1997,
GBR,CAF_PAS,1997,991324
AUT,CAF_PAS_ARR,1997,112144
BEL,CAF_PAS_ARR,1997,
BGR,CAF_PAS_ARR,1997,
CHE,CAF_PAS_ARR,1997,182746
CYP,CAF_PAS_ARR,1997,
CZE,CAF_PAS_ARR,1997,
DEU,CAF_PAS_ARR,1997,54295
DNK,CAF_PAS_ARR,1997,109168
EST,CAF_PAS_ARR,1997,
GRC,CAF_PAS_ARR,1997,
ESP,CAF_PAS_ARR,1997,
FIN,CAF_PAS_ARR,1997,569
FRA,CAF_PAS_ARR,1997,
HRV,CAF_PAS_ARR,1997,
HUN,CAF_PAS_ARR,1997,
IRL,CAF_PAS_ARR,1997,
ISL,CAF_PAS_ARR,1997,
ITA,CAF_PAS_ARR,1997,
LTU,CAF_PAS_ARR,1997,
LUX,CAF_PAS_ARR,1997,4614
LVA,CAF_PAS_ARR,1997,
MNE,CAF_PAS_ARR,1997,
MKD,CAF_PAS_ARR,1997,
MLT,CAF_PAS_ARR,1997,
NLD,CAF_PAS_ARR,1997,
NOR,CAF_PAS_ARR,1997,
POL,CAF_PAS_ARR,1997,
PRT,CAF_PAS_ARR,1997,73686
ROU,CAF_PAS_ARR,1997,
RS,CAF_PAS_ARR,1997,
SWE,CAF_PAS_ARR,1997,0
SVN,CAF_PAS_ARR,1997,
SVK,CAF_PAS_ARR,1997,
TUR,CAF_PAS_ARR,1997,
GBR,CAF_PAS_ARR,1997,495638
AUT,CAF_PAS_DEP,1997,112200
BEL,CAF_PAS_DEP,1997,
BGR,CAF_PAS_DEP,1997,
CHE,CAF_PAS_DEP,1997,182688
CYP,CAF_PAS_DEP,1997,
CZE,CAF_PAS_DEP,1997,
DEU,CAF_PAS_DEP,1997,45456
DNK,CAF_PAS_DEP,1997,109409
EST,CAF_PAS_DEP,1997,
GRC,CAF_PAS_DEP,1997,
ESP,CAF_PAS_DEP,1997,
FIN,CAF_PAS_DEP,1997,1598
FRA,CAF_PAS_DEP,1997,
HRV,CAF_PAS_DEP,1997,
HUN,CAF_PAS_DEP,1997,
IRL,CAF_PAS_DEP,1997,
ISL,CAF_PAS_DEP,1997,
ITA,CAF_PAS_DEP,1997,
LTU,CAF_PAS_DEP,1997,
LUX,CAF_PAS_DEP,1997,2810
LVA,CAF_PAS_DEP,1997,
MNE,CAF_PAS_DEP,1997,
MKD,CAF_PAS_DEP,1997,
MLT,CAF_PAS_DEP,1997,
NLD,CAF_PAS_DEP,1997,
NOR,CAF_PAS_DEP,1997,
POL,CAF_PAS_DEP,1997,
PRT,CAF_PAS_DEP,1997,73703
ROU,CAF_PAS_DEP,1997,
RS,CAF_PAS_DEP,1997,
SWE,CAF_PAS_DEP,1997,0
SVN,CAF_PAS_DEP,1997,
SVK,CAF_PAS_DEP,1997,
TUR,CAF_PAS_DEP,1997,
GBR,CAF_PAS_DEP,1997,495686
AUT,CAF_PAS,1996,203478
BEL,CAF_PAS,1996,
BGR,CAF_PAS,1996,
CHE,CAF_PAS,1996,332967
CYP,CAF_PAS,1996,
CZE,CAF_PAS,1996,
DEU,CAF_PAS,1996,100097
DNK,CAF_PAS,1996,204881
EST,CAF_PAS,1996,
GRC,CAF_PAS,1996,
ESP,CAF_PAS,1996,
FIN,CAF_PAS,1996,
FRA,CAF_PAS,1996,
HRV,CAF_PAS,1996,
HUN,CAF_PAS,1996,
IRL,CAF_PAS,1996,
ISL,CAF_PAS,1996,
ITA,CAF_PAS,1996,
LTU,CAF_PAS,1996,
LUX,CAF_PAS,1996,6066
LVA,CAF_PAS,1996,
MNE,CAF_PAS,1996,
MKD,CAF_PAS,1996,
MLT,CAF_PAS,1996,
NLD,CAF_PAS,1996,
NOR,CAF_PAS,1996,
POL,CAF_PAS,1996,
PRT,CAF_PAS,1996,15279
ROU,CAF_PAS,1996,
RS,CAF_PAS,1996,
SWE,CAF_PAS,1996,0
SVN,CAF_PAS,1996,
SVK,CAF_PAS,1996,
TUR,CAF_PAS,1996,
GBR,CAF_PAS,1996,932320
AUT,CAF_PAS_ARR,1996,110838
BEL,CAF_PAS_ARR,1996,
BGR,CAF_PAS_ARR,1996,
CHE,CAF_PAS_ARR,1996,177946
CYP,CAF_PAS_ARR,1996,
CZE,CAF_PAS_ARR,1996,
DEU,CAF_PAS_ARR,1996,53836
DNK,CAF_PAS_ARR,1996,102322
EST,CAF_PAS_ARR,1996,
GRC,CAF_PAS_ARR,1996,
ESP,CAF_PAS_ARR,1996,
FIN,CAF_PAS_ARR,1996,
FRA,CAF_PAS_ARR,1996,
HRV,CAF_PAS_ARR,1996,
HUN,CAF_PAS_ARR,1996,
IRL,CAF_PAS_ARR,1996,
ISL,CAF_PAS_ARR,1996,
ITA,CAF_PAS_ARR,1996,
LTU,CAF_PAS_ARR,1996,
LUX,CAF_PAS_ARR,1996,4095
LVA,CAF_PAS_ARR,1996,
MNE,CAF_PAS_ARR,1996,
MKD,CAF_PAS_ARR,1996,
MLT,CAF_PAS_ARR,1996,
NLD,CAF_PAS_ARR,1996,
NOR,CAF_PAS_ARR,1996,
POL,CAF_PAS_ARR,1996,
PRT,CAF_PAS_ARR,1996,8579
ROU,CAF_PAS_ARR,1996,
RS,CAF_PAS_ARR,1996,
SWE,CAF_PAS_ARR,1996,0
SVN,CAF_PAS_ARR,1996,
SVK,CAF_PAS_ARR,1996,
TUR,CAF_PAS_ARR,1996,
GBR,CAF_PAS_ARR,1996,465628
AUT,CAF_PAS_DEP,1996,110935
BEL,CAF_PAS_DEP,1996,
BGR,CAF_PAS_DEP,1996,
CHE,CAF_PAS_DEP,1996,178724
CYP,CAF_PAS_DEP,1996,
CZE,CAF_PAS_DEP,1996,
DEU,CAF_PAS_DEP,1996,46261
DNK,CAF_PAS_DEP,1996,102559
EST,CAF_PAS_DEP,1996,
GRC,CAF_PAS_DEP,1996,
ESP,CAF_PAS_DEP,1996,
FIN,CAF_PAS_DEP,1996,
FRA,CAF_PAS_DEP,1996,
HRV,CAF_PAS_DEP,1996,
HUN,CAF_PAS_DEP,1996,
IRL,CAF_PAS_DEP,1996,
ISL,CAF_PAS_DEP,1996,
ITA,CAF_PAS_DEP,1996,
LTU,CAF_PAS_DEP,1996,
LUX,CAF_PAS_DEP,1996,1971
LVA,CAF_PAS_DEP,1996,
MNE,CAF_PAS_DEP,1996,
MKD,CAF_PAS_DEP,1996,
MLT,CAF_PAS_DEP,1996,
NLD,CAF_PAS_DEP,1996,
NOR,CAF_PAS_DEP,1996,
POL,CAF_PAS_DEP,1996,
PRT,CAF_PAS_DEP,1996,6791
ROU,CAF_PAS_DEP,1996,
RS,CAF_PAS_DEP,1996,
SWE,CAF_PAS_DEP,1996,0
SVN,CAF_PAS_DEP,1996,
SVK,CAF_PAS_DEP,1996,
TUR,CAF_PAS_DEP,1996,
GBR,CAF_PAS_DEP,1996,466692
AUT,CAF_PAS,1995,51230
BEL,CAF_PAS,1995,
BGR,CAF_PAS,1995,
CHE,CAF_PAS,1995,312164
CYP,CAF_PAS,1995,
CZE,CAF_PAS,1995,
DEU,CAF_PAS,1995,101110
DNK,CAF_PAS,1995,211568
EST,CAF_PAS,1995,
GRC,CAF_PAS,1995,
ESP,CAF_PAS,1995,
FIN,CAF_PAS,1995,
FRA,CAF_PAS,1995,
HRV,CAF_PAS,1995,
HUN,CAF_PAS,1995,
IRL,CAF_PAS,1995,
ISL,CAF_PAS,1995,
ITA,CAF_PAS,1995,
LTU,CAF_PAS,1995,
LUX,CAF_PAS,1995,6530
LVA,CAF_PAS,1995,
MNE,CAF_PAS,1995,
MKD,CAF_PAS,1995,
MLT,CAF_PAS,1995,
NLD,CAF_PAS,1995,
NOR,CAF_PAS,1995,
POL,CAF_PAS,1995,
PRT,CAF_PAS,1995,
ROU,CAF_PAS,1995,
RS,CAF_PAS,1995,
SWE,CAF_PAS,1995,0
SVN,CAF_PAS,1995,
SVK,CAF_PAS,1995,
TUR,CAF_PAS,1995,
GBR,CAF_PAS,1995,889151
AUT,CAF_PAS_ARR,1995,13266
BEL,CAF_PAS_ARR,1995,
BGR,CAF_PAS_ARR,1995,
CHE,CAF_PAS_ARR,1995,167868
CYP,CAF_PAS_ARR,1995,
CZE,CAF_PAS_ARR,1995,
DEU,CAF_PAS_ARR,1995,52541
DNK,CAF_PAS_ARR,1995,105857
EST,CAF_PAS_ARR,1995,
GRC,CAF_PAS_ARR,1995,
ESP,CAF_PAS_ARR,1995,
FIN,CAF_PAS_ARR,1995,
FRA,CAF_PAS_ARR,1995,
HRV,CAF_PAS_ARR,1995,
HUN,CAF_PAS_ARR,1995,
IRL,CAF_PAS_ARR,1995,
ISL,CAF_PAS_ARR,1995,
ITA,CAF_PAS_ARR,1995,
LTU,CAF_PAS_ARR,1995,
LUX,CAF_PAS_ARR,1995,3929
LVA,CAF_PAS_ARR,1995,
MNE,CAF_PAS_ARR,1995,
MKD,CAF_PAS_ARR,1995,
MLT,CAF_PAS_ARR,1995,
NLD,CAF_PAS_ARR,1995,
NOR,CAF_PAS_ARR,1995,
POL,CAF_PAS_ARR,1995,
PRT,CAF_PAS_ARR,1995,
ROU,CAF_PAS_ARR,1995,
RS,CAF_PAS_ARR,1995,
SWE,CAF_PAS_ARR,1995,0
SVN,CAF_PAS_ARR,1995,
SVK,CAF_PAS_ARR,1995,
TUR,CAF_PAS_ARR,1995,
GBR,CAF_PAS_ARR,1995,443604
AUT,CAF_PAS_DEP,1995,38915
BEL,CAF_PAS_DEP,1995,
BGR,CAF_PAS_DEP,1995,
CHE,CAF_PAS_DEP,1995,168004
CYP,CAF_PAS_DEP,1995,
CZE,CAF_PAS_DEP,1995,
DEU,CAF_PAS_DEP,1995,48569
DNK,CAF_PAS_DEP,1995,105711
EST,CAF_PAS_DEP,1995,
GRC,CAF_PAS_DEP,1995,
ESP,CAF_PAS_DEP,1995,
FIN,CAF_PAS_DEP,1995,
FRA,CAF_PAS_DEP,1995,
HRV,CAF_PAS_DEP,1995,
HUN,CAF_PAS_DEP,1995,
IRL,CAF_PAS_DEP,1995,
ISL,CAF_PAS_DEP,1995,
ITA,CAF_PAS_DEP,1995,
LTU,CAF_PAS_DEP,1995,
LUX,CAF_PAS_DEP,1995,2601
LVA,CAF_PAS_DEP,1995,
MNE,CAF_PAS_DEP,1995,
MKD,CAF_PAS_DEP,1995,
MLT,CAF_PAS_DEP,1995,
NLD,CAF_PAS_DEP,1995,
NOR,CAF_PAS_DEP,1995,
POL,CAF_PAS_DEP,1995,
PRT,CAF_PAS_DEP,1995,
ROU,CAF_PAS_DEP,1995,
RS,CAF_PAS_DEP,1995,
SWE,CAF_PAS_DEP,1995,0
SVN,CAF_PAS_DEP,1995,
SVK,CAF_PAS_DEP,1995,
TUR,CAF_PAS_DEP,1995,
GBR,CAF_PAS_DEP,1995,445547
AUT,CAF_PAS,1994,45336
BEL,CAF_PAS,1994,
BGR,CAF_PAS,1994,
CHE,CAF_PAS,1994,302259
CYP,CAF_PAS,1994,
CZE,CAF_PAS,1994,
DEU,CAF_PAS,1994,92536
DNK,CAF_PAS,1994,153863
EST,CAF_PAS,1994,
GRC,CAF_PAS,1994,
ESP,CAF_PAS,1994,
FIN,CAF_PAS,1994,
FRA,CAF_PAS,1994,
HRV,CAF_PAS,1994,
HUN,CAF_PAS,1994,
IRL,CAF_PAS,1994,
ISL,CAF_PAS,1994,
ITA,CAF_PAS,1994,
LTU,CAF_PAS,1994,
LUX,CAF_PAS,1994,4934
LVA,CAF_PAS,1994,
MNE,CAF_PAS,1994,
MKD,CAF_PAS,1994,
MLT,CAF_PAS,1994,
NLD,CAF_PAS,1994,
NOR,CAF_PAS,1994,
POL,CAF_PAS,1994,
PRT,CAF_PAS,1994,
ROU,CAF_PAS,1994,
RS,CAF_PAS,1994,
SWE,CAF_PAS,1994,0
SVN,CAF_PAS,1994,
SVK,CAF_PAS,1994,
TUR,CAF_PAS,1994,
GBR,CAF_PAS,1994,845353
AUT,CAF_PAS_ARR,1994,11185
BEL,CAF_PAS_ARR,1994,
BGR,CAF_PAS_ARR,1994,
CHE,CAF_PAS_ARR,1994,163187
CYP,CAF_PAS_ARR,1994,
CZE,CAF_PAS_ARR,1994,
DEU,CAF_PAS_ARR,1994,49199
DNK,CAF_PAS_ARR,1994,75838
EST,CAF_PAS_ARR,1994,
GRC,CAF_PAS_ARR,1994,
ESP,CAF_PAS_ARR,1994,
FIN,CAF_PAS_ARR,1994,
FRA,CAF_PAS_ARR,1994,
HRV,CAF_PAS_ARR,1994,
HUN,CAF_PAS_ARR,1994,
IRL,CAF_PAS_ARR,1994,
ISL,CAF_PAS_ARR,1994,
ITA,CAF_PAS_ARR,1994,
LTU,CAF_PAS_ARR,1994,
LUX,CAF_PAS_ARR,1994,3536
LVA,CAF_PAS_ARR,1994,
MNE,CAF_PAS_ARR,1994,
MKD,CAF_PAS_ARR,1994,
MLT,CAF_PAS_ARR,1994,
NLD,CAF_PAS_ARR,1994,
NOR,CAF_PAS_ARR,1994,
POL,CAF_PAS_ARR,1994,
PRT,CAF_PAS_ARR,1994,
ROU,CAF_PAS_ARR,1994,
RS,CAF_PAS_ARR,1994,
SWE,CAF_PAS_ARR,1994,0
SVN,CAF_PAS_ARR,1994,
SVK,CAF_PAS_ARR,1994,
TUR,CAF_PAS_ARR,1994,
GBR,CAF_PAS_ARR,1994,422832
AUT,CAF_PAS_DEP,1994,35598
BEL,CAF_PAS_DEP,1994,
BGR,CAF_PAS_DEP,1994,
CHE,CAF_PAS_DEP,1994,163444
CYP,CAF_PAS_DEP,1994,
CZE,CAF_PAS_DEP,1994,
DEU,CAF_PAS_DEP,1994,43337
DNK,CAF_PAS_DEP,1994,78025
EST,CAF_PAS_DEP,1994,
GRC,CAF_PAS_DEP,1994,
ESP,CAF_PAS_DEP,1994,
FIN,CAF_PAS_DEP,1994,
FRA,CAF_PAS_DEP,1994,
HRV,CAF_PAS_DEP,1994,
HUN,CAF_PAS_DEP,1994,
IRL,CAF_PAS_DEP,1994,
ISL,CAF_PAS_DEP,1994,
ITA,CAF_PAS_DEP,1994,
LTU,CAF_PAS_DEP,1994,
LUX,CAF_PAS_DEP,1994,1398
LVA,CAF_PAS_DEP,1994,
MNE,CAF_PAS_DEP,1994,
MKD,CAF_PAS_DEP,1994,
MLT,CAF_PAS_DEP,1994,
NLD,CAF_PAS_DEP,1994,
NOR,CAF_PAS_DEP,1994,
POL,CAF_PAS_DEP,1994,
PRT,CAF_PAS_DEP,1994,
ROU,CAF_PAS_DEP,1994,
RS,CAF_PAS_DEP,1994,
SWE,CAF_PAS_DEP,1994,0
SVN,CAF_PAS_DEP,1994,
SVK,CAF_PAS_DEP,1994,
TUR,CAF_PAS_DEP,1994,
GBR,CAF_PAS_DEP,1994,422521
AUT,CAF_PAS,1993,44648
BEL,CAF_PAS,1993,
BGR,CAF_PAS,1993,
CHE,CAF_PAS,1993,291282
CYP,CAF_PAS,1993,
CZE,CAF_PAS,1993,
DEU,CAF_PAS,1993,89101
DNK,CAF_PAS,1993,150483
EST,CAF_PAS,1993,
GRC,CAF_PAS,1993,
ESP,CAF_PAS,1993,
FIN,CAF_PAS,1993,
FRA,CAF_PAS,1993,
HRV,CAF_PAS,1993,
HUN,CAF_PAS,1993,
IRL,CAF_PAS,1993,
ISL,CAF_PAS,1993,
ITA,CAF_PAS,1993,
LTU,CAF_PAS,1993,
LUX,CAF_PAS,1993,31267
LVA,CAF_PAS,1993,
MNE,CAF_PAS,1993,
MKD,CAF_PAS,1993,
MLT,CAF_PAS,1993,
NLD,CAF_PAS,1993,
NOR,CAF_PAS,1993,
POL,CAF_PAS,1993,
PRT,CAF_PAS,1993,
ROU,CAF_PAS,1993,
RS,CAF_PAS,1993,
SWE,CAF_PAS,1993,0
SVN,CAF_PAS,1993,
SVK,CAF_PAS,1993,
TUR,CAF_PAS,1993,
GBR,CAF_PAS,1993,
AUT,CAF_PAS_ARR,1993,10942
BEL,CAF_PAS_ARR,1993,
BGR,CAF_PAS_ARR,1993,
CHE,CAF_PAS_ARR,1993,157593
CYP,CAF_PAS_ARR,1993,
CZE,CAF_PAS_ARR,1993,
DEU,CAF_PAS_ARR,1993,45840
DNK,CAF_PAS_ARR,1993,75085
EST,CAF_PAS_ARR,1993,
GRC,CAF_PAS_ARR,1993,
ESP,CAF_PAS_ARR,1993,
FIN,CAF_PAS_ARR,1993,
FRA,CAF_PAS_ARR,1993,
HRV,CAF_PAS_ARR,1993,
HUN,CAF_PAS_ARR,1993,
IRL,CAF_PAS_ARR,1993,
ISL,CAF_PAS_ARR,1993,
ITA,CAF_PAS_ARR,1993,
LTU,CAF_PAS_ARR,1993,
LUX,CAF_PAS_ARR,1993,15586
LVA,CAF_PAS_ARR,1993,
MNE,CAF_PAS_ARR,1993,
MKD,CAF_PAS_ARR,1993,
MLT,CAF_PAS_ARR,1993,
NLD,CAF_PAS_ARR,1993,
NOR,CAF_PAS_ARR,1993,
POL,CAF_PAS_ARR,1993,
PRT,CAF_PAS_ARR,1993,
ROU,CAF_PAS_ARR,1993,
RS,CAF_PAS_ARR,1993,
SWE,CAF_PAS_ARR,1993,0
SVN,CAF_PAS_ARR,1993,
SVK,CAF_PAS_ARR,1993,
TUR,CAF_PAS_ARR,1993,
GBR,CAF_PAS_ARR,1993,
AUT,CAF_PAS_DEP,1993,34467
BEL,CAF_PAS_DEP,1993,
BGR,CAF_PAS_DEP,1993,
CHE,CAF_PAS_DEP,1993,157699
CYP,CAF_PAS_DEP,1993,
CZE,CAF_PAS_DEP,1993,
DEU,CAF_PAS_DEP,1993,43261
DNK,CAF_PAS_DEP,1993,75398
EST,CAF_PAS_DEP,1993,
GRC,CAF_PAS_DEP,1993,
ESP,CAF_PAS_DEP,1993,
FIN,CAF_PAS_DEP,1993,
FRA,CAF_PAS_DEP,1993,
HRV,CAF_PAS_DEP,1993,
HUN,CAF_PAS_DEP,1993,
IRL,CAF_PAS_DEP,1993,
ISL,CAF_PAS_DEP,1993,
ITA,CAF_PAS_DEP,1993,
LTU,CAF_PAS_DEP,1993,
LUX,CAF_PAS_DEP,1993,15681
LVA,CAF_PAS_DEP,1993,
MNE,CAF_PAS_DEP,1993,
MKD,CAF_PAS_DEP,1993,
MLT,CAF_PAS_DEP,1993,
NLD,CAF_PAS_DEP,1993,
NOR,CAF_PAS_DEP,1993,
POL,CAF_PAS_DEP,1993,
PRT,CAF_PAS_DEP,1993,
ROU,CAF_PAS_DEP,1993,
RS,CAF_PAS_DEP,1993,
SWE,CAF_PAS_DEP,1993,0
SVN,CAF_PAS_DEP,1993,
SVK,CAF_PAS_DEP,1993,
TUR,CAF_PAS_DEP,1993,
GBR,CAF_PAS_DEP,1993,
