country,measure,year,passengers
AUT,PAS_BRD,2021,11187400
BEL,PAS_BRD,2021,13516263
BGR,PAS_BRD,2021,5146280
CHE,PAS_BRD,2021,19293409
CYP,PAS_BRD,2021,4993689
CZE,PAS_BRD,2021,4796559
DEU,PAS_BRD,2021,73864886
DNK,PAS_BRD,2021,10844895
EST,PAS_BRD,2021,1292978
GRC,PAS_BRD,2021,32235196
ESP,PAS_BRD,2021,92176523
FIN,PAS_BRD,2021,4598238
FRA,PAS_BRD,2021,66298930
HRV,PAS_BRD,2021,4478159
HUN,PAS_BRD,2021,4669368
IRL,PAS_BRD,2021,9106693
ISL,PAS_BRD,2021,2438795
ITA,PAS_BRD,2021,59876408
LTU,PAS_BRD,2021,2469254
LUX,PAS_BRD,2021,2003363
LVA,PAS_BRD,2021,2336179
MNE,PAS_BRD,2021,1309266
MKD,PAS_BRD,2021,1266230
MLT,PAS_BRD,2021,2551973
NLD,PAS_BRD,2021,29098836
NOR,PAS_BRD,2021,14659512
POL,PAS_BRD,2021,18987317
PRT,PAS_BRD,2021,22304163
ROU,PAS_BRD,2021,10420540
RS,PAS_BRD,2021,
SWE,PAS_BRD,2021,10849908
SVN,PAS_BRD,2021,419346
SVK,PAS_BRD,2021,646645
TUR,PAS_BRD,2021,94166851
GBR,PAS_BRD,2021,
AUT,PAS_CRD,2021,11105564
BEL,PAS_CRD,2021,13500020
BGR,PAS_CRD,2021,5047877
CHE,PAS_CRD,2021,19231449
CYP,PAS_CRD,2021,4649499
CZE,PAS_CRD,2021,4755160
DEU,PAS_CRD,2021,73597370
DNK,PAS_CRD,2021,10811067
EST,PAS_CRD,2021,1292941
GRC,PAS_CRD,2021,32245559
ESP,PAS_CRD,2021,91898241
FIN,PAS_CRD,2021,4554497
FRA,PAS_CRD,2021,66030409
HRV,PAS_CRD,2021,4458400
HUN,PAS_CRD,2021,4665369
IRL,PAS_CRD,2021,9097359
ISL,PAS_CRD,2021,2437354
ITA,PAS_CRD,2021,59546376
LTU,PAS_CRD,2021,2464603
LUX,PAS_CRD,2021,2003521
LVA,PAS_CRD,2021,2336134
MNE,PAS_CRD,2021,1309266
MKD,PAS_CRD,2021,1266230
MLT,PAS_CRD,2021,2547912
NLD,PAS_CRD,2021,29082583
NOR,PAS_CRD,2021,14136316
POL,PAS_CRD,2021,18901863
PRT,PAS_CRD,2021,22347692
ROU,PAS_CRD,2021,10384613
RS,PAS_CRD,2021,
SWE,PAS_CRD,2021,10793224
SVN,PAS_CRD,2021,419346
SVK,PAS_CRD,2021,642078
GBR,PAS_CRD,2021,
AUT,PAS_BRD,2020,9199265
BEL,PAS_BRD,2020,9521663
BGR,PAS_BRD,2020,3738156
CHE,PAS_BRD,2020,16041797
CYP,PAS_BRD,2020,2327823
CZE,PAS_BRD,2020,3834479
DEU,PAS_BRD,2020,58038912
DNK,PAS_BRD,2020,8695183
EST,PAS_BRD,2020,858165
GRC,PAS_BRD,2020,17334623
ESP,PAS_BRD,2020,57936660
FIN,PAS_BRD,2020,5477611
FRA,PAS_BRD,2020,50943333
HRV,PAS_BRD,2020,1958355
HUN,PAS_BRD,2020,3965443
IRL,PAS_BRD,2020,8276763
ISL,PAS_BRD,2020,1531223
ITA,PAS_BRD,2020,40682780
LTU,PAS_BRD,2020,1809106
LUX,PAS_BRD,2020,1426183
LVA,PAS_BRD,2020,1995459
MNE,PAS_BRD,2020,521959
MKD,PAS_BRD,2020,709241
MLT,PAS_BRD,2020,1752445
NLD,PAS_BRD,2020,23606788
NOR,PAS_BRD,2020,13591627
POL,PAS_BRD,2020,13851170
PRT,PAS_BRD,2020,16396310
ROU,PAS_BRD,2020,6626452
RS,PAS_BRD,2020,1938516
SWE,PAS_BRD,2020,9384840
SVN,PAS_BRD,2020,287787
SVK,PAS_BRD,2020,501750
TUR,PAS_BRD,2020,56877042
GBR,PAS_BRD,2020,
AUT,PAS_CRD,2020,9168431
BEL,PAS_CRD,2020,9465828
BGR,PAS_CRD,2020,3729017
CHE,PAS_CRD,2020,16006811
CYP,PAS_CRD,2020,2270577
CZE,PAS_CRD,2020,3821372
DEU,PAS_CRD,2020,57795978
DNK,PAS_CRD,2020,8658654
EST,PAS_CRD,2020,857837
GRC,PAS_CRD,2020,17341192
ESP,PAS_CRD,2020,57797305
FIN,PAS_CRD,2020,5428622
FRA,PAS_CRD,2020,50724011
HRV,PAS_CRD,2020,1943547
HUN,PAS_CRD,2020,3962687
IRL,PAS_CRD,2020,8268297
ISL,PAS_CRD,2020,1527633
ITA,PAS_CRD,2020,40405355
LTU,PAS_CRD,2020,1804500
LUX,PAS_CRD,2020,1426310
LVA,PAS_CRD,2020,1995133
MNE,PAS_CRD,2020,521959
MKD,PAS_CRD,2020,709241
MLT,PAS_CRD,2020,1752445
NLD,PAS_CRD,2020,23594783
NOR,PAS_CRD,2020,13216883
POL,PAS_CRD,2020,13825460
PRT,PAS_CRD,2020,16548993
ROU,PAS_CRD,2020,6633447
RS,PAS_CRD,2020,1938468
SWE,PAS_CRD,2020,9317677
SVN,PAS_CRD,2020,287787
SVK,PAS_CRD,2020,500604
GBR,PAS_CRD,2020,
AUT,PAS_BRD,2019,35811789
BEL,PAS_BRD,2019,35495479
BGR,PAS_BRD,2019,11742520
CHE,PAS_BRD,2019,57267916
CYP,PAS_BRD,2019,11412130
CZE,PAS_BRD,2019,18853186
DEU,PAS_BRD,2019,227413603
DNK,PAS_BRD,2019,34894908
EST,PAS_BRD,2019,3258323
GRC,PAS_BRD,2019,56085668
ESP,PAS_BRD,2019,228634398
FIN,PAS_BRD,2019,23338254
FRA,PAS_BRD,2019,169419180
HRV,PAS_BRD,2019,10687231
HUN,PAS_BRD,2019,16730494
IRL,PAS_BRD,2019,37993913
ISL,PAS_BRD,2019,7584420
ITA,PAS_BRD,2019,161390853
LTU,PAS_BRD,2019,6509879
LUX,PAS_BRD,2019,4365569
LVA,PAS_BRD,2019,7786569
MNE,PAS_BRD,2019,2652801
MKD,PAS_BRD,2019,2353327
MLT,PAS_BRD,2019,7318357
NLD,PAS_BRD,2019,81274281
NOR,PAS_BRD,2019,40848699
POL,PAS_BRD,2019,46960641
PRT,PAS_BRD,2019,54692738
ROU,PAS_BRD,2019,21586079
RS,PAS_BRD,2019,6707217
SWE,PAS_BRD,2019,37840909
SVN,PAS_BRD,2019,1720491
SVK,PAS_BRD,2019,2847115
TUR,PAS_BRD,2019,159156950
GBR,PAS_BRD,2019,277548891
AUT,PAS_CRD,2019,35644188
BEL,PAS_CRD,2019,35385188
BGR,PAS_CRD,2019,11713068
CHE,PAS_CRD,2019,57194328
CYP,PAS_CRD,2019,11261410
CZE,PAS_CRD,2019,18832696
DEU,PAS_CRD,2019,226764086
DNK,PAS_CRD,2019,34780127
EST,PAS_CRD,2019,3258003
GRC,PAS_CRD,2019,56088527
ESP,PAS_CRD,2019,228262372
FIN,PAS_CRD,2019,23287929
FRA,PAS_CRD,2019,168726788
HRV,PAS_CRD,2019,10623239
HUN,PAS_CRD,2019,16700750
IRL,PAS_CRD,2019,37947510
ISL,PAS_CRD,2019,7584197
ITA,PAS_CRD,2019,160667939
LTU,PAS_CRD,2019,6504685
LUX,PAS_CRD,2019,4365569
LVA,PAS_CRD,2019,7785726
MNE,PAS_CRD,2019,2652801
MKD,PAS_CRD,2019,2353327
MLT,PAS_CRD,2019,7318357
NLD,PAS_CRD,2019,81192507
NOR,PAS_CRD,2019,40348437
POL,PAS_CRD,2019,46942771
PRT,PAS_CRD,2019,55007894
ROU,PAS_CRD,2019,21565865
RS,PAS_CRD,2019,6450643
SWE,PAS_CRD,2019,37614763
SVN,PAS_CRD,2019,1719039
SVK,PAS_CRD,2019,2839787
GBR,PAS_CRD,2019,277432380
AUT,PAS_BRD,2018,31334877
BEL,PAS_BRD,2018,34572750
BGR,PAS_BRD,2018,12181375
CHE,PAS_BRD,2018,56192107
CYP,PAS_BRD,2018,11095888
CZE,PAS_BRD,2018,17893941
DEU,PAS_BRD,2018,223017056
DNK,PAS_BRD,2018,34789772
EST,PAS_BRD,2018,2995830
GRC,PAS_BRD,2018,54255032
ESP,PAS_BRD,2018,220753396
FIN,PAS_BRD,2018,22268840
FRA,PAS_BRD,2018,162847023
HRV,PAS_BRD,2018,9798678
HUN,PAS_BRD,2018,15212355
IRL,PAS_BRD,2018,36459768
ISL,PAS_BRD,2018,10167367
ITA,PAS_BRD,2018,154146222
LTU,PAS_BRD,2018,6259643
LUX,PAS_BRD,2018,3988804
LVA,PAS_BRD,2018,7039116
MNE,PAS_BRD,2018,2440486
MKD,PAS_BRD,2018,2152746
MLT,PAS_BRD,2018,6805643
NLD,PAS_BRD,2018,79862217
NOR,PAS_BRD,2018,40531944
POL,PAS_BRD,2018,43754118
PRT,PAS_BRD,2018,50949917
ROU,PAS_BRD,2018,19870674
RS,PAS_BRD,2018,5521250
SWE,PAS_BRD,2018,39183627
SVN,PAS_BRD,2018,1810567
SVK,PAS_BRD,2018,2814330
TUR,PAS_BRD,2018,154730815
GBR,PAS_BRD,2018,272386344
AUT,PAS_CRD,2018,31138417
BEL,PAS_CRD,2018,34506309
BGR,PAS_CRD,2018,12137714
CHE,PAS_CRD,2018,56139549
CYP,PAS_CRD,2018,10927101
CZE,PAS_CRD,2018,17838221
DEU,PAS_CRD,2018,222422361
DNK,PAS_CRD,2018,34701139
EST,PAS_CRD,2018,2995528
GRC,PAS_CRD,2018,54258826
ESP,PAS_CRD,2018,220611429
FIN,PAS_CRD,2018,22173530
FRA,PAS_CRD,2018,161991179
HRV,PAS_CRD,2018,9731294
HUN,PAS_CRD,2018,15176493
IRL,PAS_CRD,2018,36345005
ISL,PAS_CRD,2018,10166386
ITA,PAS_CRD,2018,153352444
LTU,PAS_CRD,2018,6254178
LUX,PAS_CRD,2018,3988804
LVA,PAS_CRD,2018,7037070
MNE,PAS_CRD,2018,2440486
MKD,PAS_CRD,2018,2152746
MLT,PAS_CRD,2018,6805817
NLD,PAS_CRD,2018,79644163
NOR,PAS_CRD,2018,40030105
POL,PAS_CRD,2018,43767548
PRT,PAS_CRD,2018,51018598
ROU,PAS_CRD,2018,19809642
RS,PAS_CRD,2018,5521250
SWE,PAS_CRD,2018,38945096
SVN,PAS_CRD,2018,1810567
SVK,PAS_CRD,2018,2794094
GBR,PAS_CRD,2018,272190155
AUT,PAS_BRD,2017,28551316
BEL,PAS_BRD,2017,33277829
BGR,PAS_BRD,2017,11142601
CHE,PAS_BRD,2017,53618686
CYP,PAS_BRD,2017,10435377
CZE,PAS_BRD,2017,16326504
DEU,PAS_BRD,2017,213072515
DNK,PAS_BRD,2017,33332139
EST,PAS_BRD,2017,2636856
GRC,PAS_BRD,2017,50169361
ESP,PAS_BRD,2017,210158445
FIN,PAS_BRD,2017,20118115
FRA,PAS_BRD,2017,154971726
HRV,PAS_BRD,2017,8881622
HUN,PAS_BRD,2017,13379836
IRL,PAS_BRD,2017,34385827
ISL,PAS_BRD,2017,8322643
ITA,PAS_BRD,2017,144895467
LTU,PAS_BRD,2017,5250493
LUX,PAS_BRD,2017,3554730
LVA,PAS_BRD,2017,6097481
MNE,PAS_BRD,2017,2173494
MKD,PAS_BRD,2017,1861282
MLT,PAS_BRD,2017,6007717
NLD,PAS_BRD,2017,76608203
NOR,PAS_BRD,2017,39347467
POL,PAS_BRD,2017,37732884
PRT,PAS_BRD,2017,47431032
ROU,PAS_BRD,2017,18008415
RS,PAS_BRD,2017,4828171
SWE,PAS_BRD,2017,38628364
SVN,PAS_BRD,2017,1682705
SVK,PAS_BRD,2017,2434001
TUR,PAS_BRD,2017,139171843
GBR,PAS_BRD,2017,264867264
AUT,PAS_CRD,2017,28327279
BEL,PAS_CRD,2017,33260493
BGR,PAS_CRD,2017,11092651
CHE,PAS_CRD,2017,53564943
CYP,PAS_CRD,2017,10238913
CZE,PAS_CRD,2017,16245554
DEU,PAS_CRD,2017,212389343
DNK,PAS_CRD,2017,33261214
EST,PAS_CRD,2017,2635145
GRC,PAS_CRD,2017,50170728
ESP,PAS_CRD,2017,209824089
FIN,PAS_CRD,2017,20054947
FRA,PAS_CRD,2017,154096485
HRV,PAS_CRD,2017,8843053
HUN,PAS_CRD,2017,13350029
IRL,PAS_CRD,2017,34271771
ISL,PAS_CRD,2017,8318734
ITA,PAS_CRD,2017,144306325
LTU,PAS_CRD,2017,5246101
LUX,PAS_CRD,2017,3554730
LVA,PAS_CRD,2017,6077854
MNE,PAS_CRD,2017,2173494
MKD,PAS_CRD,2017,1861282
MLT,PAS_CRD,2017,6007731
NLD,PAS_CRD,2017,76240304
NOR,PAS_CRD,2017,38739778
POL,PAS_CRD,2017,37684668
PRT,PAS_CRD,2017,47673057
ROU,PAS_CRD,2017,17934774
RS,PAS_CRD,2017,4828171
SWE,PAS_CRD,2017,38456213
SVN,PAS_CRD,2017,1682133
SVK,PAS_CRD,2017,2402651
GBR,PAS_CRD,2017,264629454
AUT,PAS_BRD,2016,27382263
BEL,PAS_BRD,2016,30207135
BGR,PAS_BRD,2016,9377319
CHE,PAS_BRD,2016,50566487
CYP,PAS_BRD,2016,9101111
CZE,PAS_BRD,2016,13830127
DEU,PAS_BRD,2016,201454933
DNK,PAS_BRD,2016,32869476
EST,PAS_BRD,2016,2215791
GRC,PAS_BRD,2016,45541521
ESP,PAS_BRD,2016,194228944
FIN,PAS_BRD,2016,18097108
FRA,PAS_BRD,2016,146102956
HRV,PAS_BRD,2016,7510482
HUN,PAS_BRD,2016,11694505
IRL,PAS_BRD,2016,32689407
ISL,PAS_BRD,2016,6815439
ITA,PAS_BRD,2016,135146137
LTU,PAS_BRD,2016,4793541
LUX,PAS_BRD,2016,2984242
LVA,PAS_BRD,2016,5411134
MNE,PAS_BRD,2016,1845464
MKD,PAS_BRD,2016,1649374
MLT,PAS_BRD,2016,5080446
NLD,PAS_BRD,2016,70622839
NOR,PAS_BRD,2016,38339513
POL,PAS_BRD,2016,32341649
PRT,PAS_BRD,2016,40604376
ROU,PAS_BRD,2016,15215421
RS,PAS_BRD,2016,4414863
SWE,PAS_BRD,2016,36076810
SVN,PAS_BRD,2016,1405510
SVK,PAS_BRD,2016,2201980
TUR,PAS_BRD,2016,123037102
GBR,PAS_BRD,2016,249076212
AUT,PAS_CRD,2016,27181511
BEL,PAS_CRD,2016,30115832
BGR,PAS_CRD,2016,9324217
CHE,PAS_CRD,2016,50505492
CYP,PAS_CRD,2016,8961817
CZE,PAS_CRD,2016,13672362
DEU,PAS_CRD,2016,200687293
DNK,PAS_CRD,2016,32763142
EST,PAS_CRD,2016,2214989
GRC,PAS_CRD,2016,45543371
ESP,PAS_CRD,2016,193872037
FIN,PAS_CRD,2016,18099954
FRA,PAS_CRD,2016,145280602
HRV,PAS_CRD,2016,7475463
HUN,PAS_CRD,2016,11660366
IRL,PAS_CRD,2016,32595709
ISL,PAS_CRD,2016,6801814
ITA,PAS_CRD,2016,134477781
LTU,PAS_CRD,2016,4787561
LUX,PAS_CRD,2016,2984242
LVA,PAS_CRD,2016,5384160
MNE,PAS_CRD,2016,1845464
MKD,PAS_CRD,2016,1649374
MLT,PAS_CRD,2016,5080446
NLD,PAS_CRD,2016,70317995
NOR,PAS_CRD,2016,37727546
POL,PAS_CRD,2016,32266861
PRT,PAS_CRD,2016,40930044
ROU,PAS_CRD,2016,15153719
RS,PAS_CRD,2016,4414858
SWE,PAS_CRD,2016,35952558
SVN,PAS_CRD,2016,1404152
SVK,PAS_CRD,2016,2158261
GBR,PAS_CRD,2016,248868873
AUT,PAS_BRD,2015,26981962
BEL,PAS_BRD,2015,31353950
BGR,PAS_BRD,2015,7691274
CHE,PAS_BRD,2015,48092169
CYP,PAS_BRD,2015,7760110
CZE,PAS_BRD,2015,12957296
DEU,PAS_BRD,2015,194741052
DNK,PAS_BRD,2015,30349112
EST,PAS_BRD,2015,2161978
GRC,PAS_BRD,2015,42088397
ESP,PAS_BRD,2015,175031616
FIN,PAS_BRD,2015,17475353
FRA,PAS_BRD,2015,141694718
HRV,PAS_BRD,2015,6608592
HUN,PAS_BRD,2015,10228352
IRL,PAS_BRD,2015,29611133
ISL,PAS_BRD,2015,4855832
ITA,PAS_BRD,2015,128452874
LTU,PAS_BRD,2015,4232492
LUX,PAS_BRD,2015,2651751
LVA,PAS_BRD,2015,5166394
MNE,PAS_BRD,2015,
MKD,PAS_BRD,2015,1452373
MLT,PAS_BRD,2015,4618901
NLD,PAS_BRD,2015,64916147
NOR,PAS_BRD,2015,38106063
POL,PAS_BRD,2015,28974650
PRT,PAS_BRD,2015,35649549
ROU,PAS_BRD,2015,12660039
RS,PAS_BRD,2015,
SWE,PAS_BRD,2015,34177544
SVN,PAS_BRD,2015,1440605
SVK,PAS_BRD,2015,1975055
TUR,PAS_BRD,2015,132969310
GBR,PAS_BRD,2015,232524177
AUT,PAS_CRD,2015,26754007
BEL,PAS_CRD,2015,30958841
BGR,PAS_CRD,2015,7610949
CHE,PAS_CRD,2015,48026375
CYP,PAS_CRD,2015,7590787
CZE,PAS_CRD,2015,12672004
DEU,PAS_CRD,2015,193936430
DNK,PAS_CRD,2015,30095505
EST,PAS_CRD,2015,2160978
GRC,PAS_CRD,2015,42096402
ESP,PAS_CRD,2015,174652503
FIN,PAS_CRD,2015,17479246
FRA,PAS_CRD,2015,140867569
HRV,PAS_CRD,2015,6571698
HUN,PAS_CRD,2015,10228352
IRL,PAS_CRD,2015,29545020
ISL,PAS_CRD,2015,4847288
ITA,PAS_CRD,2015,127665221
LTU,PAS_CRD,2015,4227389
LUX,PAS_CRD,2015,2651751
LVA,PAS_CRD,2015,5145856
MNE,PAS_CRD,2015,
MKD,PAS_CRD,2015,1452373
MLT,PAS_CRD,2015,4619557
NLD,PAS_CRD,2015,64570938
NOR,PAS_CRD,2015,37503052
POL,PAS_CRD,2015,28907439
PRT,PAS_CRD,2015,36005814
ROU,PAS_CRD,2015,12580711
RS,PAS_CRD,2015,
SWE,PAS_CRD,2015,34011263
SVN,PAS_CRD,2015,1436003
SVK,PAS_CRD,2015,1943656
GBR,PAS_CRD,2015,232270437
AUT,PAS_BRD,2014,26566052
BEL,PAS_BRD,2014,29102061
BGR,PAS_BRD,2014,7548609
CHE,PAS_BRD,2014,46211924
CYP,PAS_BRD,2014,7428455
CZE,PAS_BRD,2014,12210556
DEU,PAS_BRD,2014,187344202
DNK,PAS_BRD,2014,29274102
EST,PAS_BRD,2014,2019806
GRC,PAS_BRD,2014,39116331
ESP,PAS_BRD,2014,165710956
FIN,PAS_BRD,2014,17211934
FRA,PAS_BRD,2014,137173327
HRV,PAS_BRD,2014,6157845
HUN,PAS_BRD,2014,9054848
IRL,PAS_BRD,2014,26346808
ISL,PAS_BRD,2014,3867735
ITA,PAS_BRD,2014,119434054
LTU,PAS_BRD,2014,3824888
LUX,PAS_BRD,2014,2433966
LVA,PAS_BRD,2014,4822828
MNE,PAS_BRD,2014,
MKD,PAS_BRD,2014,
MLT,PAS_BRD,2014,4286626
NLD,PAS_BRD,2014,61163636
NOR,PAS_BRD,2014,38072892
POL,PAS_BRD,2014,25743021
PRT,PAS_BRD,2014,32259584
ROU,PAS_BRD,2014,11014976
RS,PAS_BRD,2014,
SWE,PAS_BRD,2014,32955143
SVN,PAS_BRD,2014,1307550
SVK,PAS_BRD,2014,1687772
TUR,PAS_BRD,2014,123684191
GBR,PAS_BRD,2014,220295225
AUT,PAS_CRD,2014,26378676
BEL,PAS_CRD,2014,28776258
BGR,PAS_CRD,2014,7520697
CHE,PAS_CRD,2014,46127426
CYP,PAS_CRD,2014,7328546
CZE,PAS_CRD,2014,12079873
DEU,PAS_CRD,2014,186445814
DNK,PAS_CRD,2014,29015133
EST,PAS_CRD,2014,2019806
GRC,PAS_CRD,2014,39117833
ESP,PAS_CRD,2014,165354382
FIN,PAS_CRD,2014,17171931
FRA,PAS_CRD,2014,136360671
HRV,PAS_CRD,2014,6140797
HUN,PAS_CRD,2014,9054848
IRL,PAS_CRD,2014,26310826
ISL,PAS_CRD,2014,3853614
ITA,PAS_CRD,2014,121164587
LTU,PAS_CRD,2014,3798110
LUX,PAS_CRD,2014,2433966
LVA,PAS_CRD,2014,4802282
MNE,PAS_CRD,2014,
MKD,PAS_CRD,2014,
MLT,PAS_CRD,2014,4290032
NLD,PAS_CRD,2014,60963003
NOR,PAS_CRD,2014,37603195
POL,PAS_CRD,2014,25714422
PRT,PAS_CRD,2014,32560621
ROU,PAS_CRD,2014,10907487
RS,PAS_CRD,2014,
SWE,PAS_CRD,2014,32766043
SVN,PAS_CRD,2014,1307128
SVK,PAS_CRD,2014,1671290
GBR,PAS_CRD,2014,220022122
AUT,PAS_BRD,2013,25827030
BEL,PAS_BRD,2013,26601705
BGR,PAS_BRD,2013,7106539
CHE,PAS_BRD,2013,44338021
CYP,PAS_BRD,2013,7140036
CZE,PAS_BRD,2013,12027537
DEU,PAS_BRD,2013,181879734
DNK,PAS_BRD,2013,27575531
EST,PAS_BRD,2013,1958622
GRC,PAS_BRD,2013,34023337
ESP,PAS_BRD,2013,158072126
FIN,PAS_BRD,2013,16606783
FRA,PAS_BRD,2013,133556899
HRV,PAS_BRD,2013,5747169
HUN,PAS_BRD,2013,8441204
IRL,PAS_BRD,2013,24644846
ISL,PAS_BRD,2013,3207445
ITA,PAS_BRD,2013,116339756
LTU,PAS_BRD,2013,3502392
LUX,PAS_BRD,2013,2169098
LVA,PAS_BRD,2013,4803388
MNE,PAS_BRD,2013,
MKD,PAS_BRD,2013,
MLT,PAS_BRD,2013,4031848
NLD,PAS_BRD,2013,58316239
NOR,PAS_BRD,2013,37229490
POL,PAS_BRD,2013,23298404
PRT,PAS_BRD,2013,29451958
ROU,PAS_BRD,2013,10104810
RS,PAS_BRD,2013,
SWE,PAS_BRD,2013,31654684
SVN,PAS_BRD,2013,1269192
SVK,PAS_BRD,2013,1562404
TUR,PAS_BRD,2013,112215716
GBR,PAS_BRD,2013,210784792
AUT,PAS_CRD,2013,25749724
BEL,PAS_CRD,2013,26389927
BGR,PAS_CRD,2013,7079292
CHE,PAS_CRD,2013,44217568
CYP,PAS_CRD,2013,7011437
CZE,PAS_CRD,2013,11891812
DEU,PAS_CRD,2013,180783188
DNK,PAS_CRD,2013,27459623
EST,PAS_CRD,2013,1958565
GRC,PAS_CRD,2013,34023934
ESP,PAS_CRD,2013,157731973
FIN,PAS_CRD,2013,16565391
FRA,PAS_CRD,2013,132762875
HRV,PAS_CRD,2013,5722447
HUN,PAS_CRD,2013,8441319
IRL,PAS_CRD,2013,24603640
ISL,PAS_CRD,2013,3199266
ITA,PAS_CRD,2013,115279105
LTU,PAS_CRD,2013,3482358
LUX,PAS_CRD,2013,2169327
LVA,PAS_CRD,2013,4782257
MNE,PAS_CRD,2013,
MKD,PAS_CRD,2013,
MLT,PAS_CRD,2013,4032029
NLD,PAS_CRD,2013,58077271
NOR,PAS_CRD,2013,36686364
POL,PAS_CRD,2013,23274484
PRT,PAS_CRD,2013,29694146
ROU,PAS_CRD,2013,10016933
RS,PAS_CRD,2013,
SWE,PAS_CRD,2013,31443225
SVN,PAS_CRD,2013,1265766
SVK,PAS_CRD,2013,1557149
GBR,PAS_CRD,2013,210468980
AUT,PAS_BRD,2012,26082777
BEL,PAS_BRD,2012,26178086
BGR,PAS_BRD,2012,6850926
CHE,PAS_BRD,2012,43361771
CYP,PAS_BRD,2012,7327763
CZE,PAS_BRD,2012,11927281
DEU,PAS_BRD,2012,180255063
DNK,PAS_BRD,2012,26660166
EST,PAS_BRD,2012,2202501
GRC,PAS_BRD,2012,32081670
ESP,PAS_BRD,2012,160385889
FIN,PAS_BRD,2012,16514915
FRA,PAS_BRD,2012,130863065
HRV,PAS_BRD,2012,5464952
HUN,PAS_BRD,2012,8429843
IRL,PAS_BRD,2012,23627684
ISL,PAS_BRD,2012,2758847
ITA,PAS_BRD,2012,117329243
LTU,PAS_BRD,2012,3173779
LUX,PAS_BRD,2012,1893988
LVA,PAS_BRD,2012,4777303
MNE,PAS_BRD,2012,
MKD,PAS_BRD,2012,
MLT,PAS_BRD,2012,3650287
NLD,PAS_BRD,2012,55946383
NOR,PAS_BRD,2012,35197072
POL,PAS_BRD,2012,21871076
PRT,PAS_BRD,2012,27926447
ROU,PAS_BRD,2012,9743244
RS,PAS_BRD,2012,
SWE,PAS_BRD,2012,30556434
SVN,PAS_BRD,2012,1168261
SVK,PAS_BRD,2012,1569261
TUR,PAS_BRD,2012,98837570
GBR,PAS_BRD,2012,203509424
AUT,PAS_CRD,2012,25965977
BEL,PAS_CRD,2012,25919515
BGR,PAS_CRD,2012,6819103
CHE,PAS_CRD,2012,43236086
CYP,PAS_CRD,2012,7328300
CZE,PAS_CRD,2012,11742352
DEU,PAS_CRD,2012,178591103
DNK,PAS_CRD,2012,26532730
EST,PAS_CRD,2012,2202427
GRC,PAS_CRD,2012,32082336
ESP,PAS_CRD,2012,159771261
FIN,PAS_CRD,2012,16458815
FRA,PAS_CRD,2012,129764462
HRV,PAS_CRD,2012,5422632
HUN,PAS_CRD,2012,8429843
IRL,PAS_CRD,2012,23594089
ISL,PAS_CRD,2012,2740691
ITA,PAS_CRD,2012,116029388
LTU,PAS_CRD,2012,3166628
LUX,PAS_CRD,2012,1893991
LVA,PAS_CRD,2012,4754530
MNE,PAS_CRD,2012,
MKD,PAS_CRD,2012,
MLT,PAS_CRD,2012,3650347
NLD,PAS_CRD,2012,55680209
NOR,PAS_CRD,2012,34592225
POL,PAS_CRD,2012,21800765
PRT,PAS_CRD,2012,28186254
ROU,PAS_CRD,2012,9674226
RS,PAS_CRD,2012,
SWE,PAS_CRD,2012,30350849
SVN,PAS_CRD,2012,1167877
SVK,PAS_CRD,2012,1563197
GBR,PAS_CRD,2012,203067015
AUT,PAS_BRD,2011,25284604
BEL,PAS_BRD,2011,25396082
BGR,PAS_BRD,2011,6679222
CHE,PAS_BRD,2011,41555818
CYP,PAS_BRD,2011,7221391
CZE,PAS_BRD,2011,12824895
DEU,PAS_BRD,2011,177123079
DNK,PAS_BRD,2011,25948224
EST,PAS_BRD,2011,1908202
GRC,PAS_BRD,2011,33770461
ESP,PAS_BRD,2011,165667780
FIN,PAS_BRD,2011,16448435
FRA,PAS_BRD,2011,127179388
HRV,PAS_BRD,2011,5047013
HUN,PAS_BRD,2011,8884837
IRL,PAS_BRD,2011,23366097
ISL,PAS_BRD,2011,2476808
ITA,PAS_BRD,2011,117491880
LTU,PAS_BRD,2011,2701210
LUX,PAS_BRD,2011,1836761
LVA,PAS_BRD,2011,5114658
MNE,PAS_BRD,2011,
MKD,PAS_BRD,2011,
MLT,PAS_BRD,2011,3506632
NLD,PAS_BRD,2011,54198877
NOR,PAS_BRD,2011,32959146
POL,PAS_BRD,2011,20676295
PRT,PAS_BRD,2011,27246741
ROU,PAS_BRD,2011,9767804
RS,PAS_BRD,2011,
SWE,PAS_BRD,2011,29949930
SVN,PAS_BRD,2011,1359646
SVK,PAS_BRD,2011,1814155
TUR,PAS_BRD,2011,
GBR,PAS_BRD,2011,201956096
AUT,PAS_CRD,2011,25137612
BEL,PAS_CRD,2011,25102695
BGR,PAS_CRD,2011,6652007
CHE,PAS_CRD,2011,41439848
CYP,PAS_CRD,2011,7190387
CZE,PAS_CRD,2011,12650532
DEU,PAS_CRD,2011,175316076
DNK,PAS_CRD,2011,25808321
EST,PAS_CRD,2011,1907569
GRC,PAS_CRD,2011,33770739
ESP,PAS_CRD,2011,165153230
FIN,PAS_CRD,2011,16374398
FRA,PAS_CRD,2011,126013257
HRV,PAS_CRD,2011,4989236
HUN,PAS_CRD,2011,8884837
IRL,PAS_CRD,2011,23362889
ISL,PAS_CRD,2011,2462894
ITA,PAS_CRD,2011,116226667
LTU,PAS_CRD,2011,2691991
LUX,PAS_CRD,2011,1836780
LVA,PAS_CRD,2011,5098360
MNE,PAS_CRD,2011,
MKD,PAS_CRD,2011,
MLT,PAS_CRD,2011,3506814
NLD,PAS_CRD,2011,53895292
NOR,PAS_CRD,2011,32403522
POL,PAS_CRD,2011,20635672
PRT,PAS_CRD,2011,27579707
ROU,PAS_CRD,2011,9687456
RS,PAS_CRD,2011,
SWE,PAS_CRD,2011,29732247
SVN,PAS_CRD,2011,1358792
SVK,PAS_CRD,2011,1808187
GBR,PAS_CRD,2011,201536753
AUT,PAS_BRD,2010,23704167
BEL,PAS_BRD,2010,23044363
BGR,PAS_BRD,2010,6212677
CHE,PAS_BRD,2010,37739009
CYP,PAS_BRD,2010,7231046
CZE,PAS_BRD,2010,12427085
DEU,PAS_BRD,2010,168803823
DNK,PAS_BRD,2010,24460574
EST,PAS_BRD,2010,1384658
GRC,PAS_BRD,2010,32625519
ESP,PAS_BRD,2010,153915703
FIN,PAS_BRD,2010,14273836
FRA,PAS_BRD,2010,120019105
HRV,PAS_BRD,2010,4738358
HUN,PAS_BRD,2010,8174510
IRL,PAS_BRD,2010,23165414
ISL,PAS_BRD,2010,2075847
ITA,PAS_BRD,2010,110739088
LTU,PAS_BRD,2010,2330823
LUX,PAS_BRD,2010,1605982
LVA,PAS_BRD,2010,4669621
MNE,PAS_BRD,2010,
MKD,PAS_BRD,2010,
MLT,PAS_BRD,2010,3293548
NLD,PAS_BRD,2010,48905842
NOR,PAS_BRD,2010,29981720
POL,PAS_BRD,2010,18433984
PRT,PAS_BRD,2010,25442444
ROU,PAS_BRD,2010,8922848
RS,PAS_BRD,2010,
SWE,PAS_BRD,2010,26865442
SVN,PAS_BRD,2010,1382977
SVK,PAS_BRD,2010,1887650
TUR,PAS_BRD,2010,
GBR,PAS_BRD,2010,193533960
AUT,PAS_CRD,2010,23532455
BEL,PAS_CRD,2010,22697764
BGR,PAS_CRD,2010,6169323
CHE,PAS_CRD,2010,37615959
CYP,PAS_CRD,2010,6948288
CZE,PAS_CRD,2010,12242386
DEU,PAS_CRD,2010,166130833
DNK,PAS_CRD,2010,24334687
EST,PAS_CRD,2010,1381062
GRC,PAS_CRD,2010,32588072
ESP,PAS_CRD,2010,153387014
FIN,PAS_CRD,2010,14220636
FRA,PAS_CRD,2010,118697207
HRV,PAS_CRD,2010,4677414
HUN,PAS_CRD,2010,8174510
IRL,PAS_CRD,2010,23094210
ISL,PAS_CRD,2010,2036356
ITA,PAS_CRD,2010,109064953
LTU,PAS_CRD,2010,2282834
LUX,PAS_CRD,2010,1613696
LVA,PAS_CRD,2010,4655898
MNE,PAS_CRD,2010,
MKD,PAS_CRD,2010,
MLT,PAS_CRD,2010,3293548
NLD,PAS_CRD,2010,48618879
NOR,PAS_CRD,2010,29518449
POL,PAS_CRD,2010,18383115
PRT,PAS_CRD,2010,25735500
ROU,PAS_CRD,2010,8848949
RS,PAS_CRD,2010,
SWE,PAS_CRD,2010,26646764
SVN,PAS_CRD,2010,1382341
SVK,PAS_CRD,2010,1881844
GBR,PAS_CRD,2010,192887734
AUT,PAS_BRD,2009,22009610
BEL,PAS_BRD,2009,21718605
BGR,PAS_BRD,2009,5869061
CHE,PAS_BRD,2009,36117562
CYP,PAS_BRD,2009,7001040
CZE,PAS_BRD,2009,12571098
DEU,PAS_BRD,2009,160615238
DNK,PAS_BRD,2009,22399126
EST,PAS_BRD,2009,1343809
GRC,PAS_BRD,2009,33440269
ESP,PAS_BRD,2009,148988842
FIN,PAS_BRD,2009,13828492
FRA,PAS_BRD,2009,117561564
HRV,PAS_BRD,2009,4411267
HUN,PAS_BRD,2009,8081067
IRL,PAS_BRD,2009,26382189
ISL,PAS_BRD,2009,1931727
ITA,PAS_BRD,2009,103254280
LTU,PAS_BRD,2009,1872352
LUX,PAS_BRD,2009,1535398
LVA,PAS_BRD,2009,4076160
MNE,PAS_BRD,2009,
MKD,PAS_BRD,2009,
MLT,PAS_BRD,2009,2918676
NLD,PAS_BRD,2009,46725783
NOR,PAS_BRD,2009,28143690
POL,PAS_BRD,2009,17092396
PRT,PAS_BRD,2009,23844161
ROU,PAS_BRD,2009,8026709
RS,PAS_BRD,2009,
SWE,PAS_BRD,2009,25443786
SVN,PAS_BRD,2009,1429537
SVK,PAS_BRD,2009,1951968
TUR,PAS_BRD,2009,
GBR,PAS_BRD,2009,199164732
AUT,PAS_CRD,2009,21817267
BEL,PAS_CRD,2009,21316690
BGR,PAS_CRD,2009,5840825
CHE,PAS_CRD,2009,35928169
CYP,PAS_CRD,2009,6729787
CZE,PAS_CRD,2009,12367467
DEU,PAS_CRD,2009,158148829
DNK,PAS_CRD,2009,22277524
EST,PAS_CRD,2009,1341294
GRC,PAS_CRD,2009,33440269
ESP,PAS_CRD,2009,148318298
FIN,PAS_CRD,2009,13828812
FRA,PAS_CRD,2009,117636389
HRV,PAS_CRD,2009,4335208
HUN,PAS_CRD,2009,8081067
IRL,PAS_CRD,2009,26268887
ISL,PAS_CRD,2009,1837165
ITA,PAS_CRD,2009,101823772
LTU,PAS_CRD,2009,1867191
LUX,PAS_CRD,2009,1535261
LVA,PAS_CRD,2009,4062704
MNE,PAS_CRD,2009,
MKD,PAS_CRD,2009,
MLT,PAS_CRD,2009,2918676
NLD,PAS_CRD,2009,46479327
NOR,PAS_CRD,2009,27675619
POL,PAS_CRD,2009,17046899
PRT,PAS_CRD,2009,24116313
ROU,PAS_CRD,2009,7984057
RS,PAS_CRD,2009,
SWE,PAS_CRD,2009,25218784
SVN,PAS_CRD,2009,1423391
SVK,PAS_CRD,2009,1948361
GBR,PAS_CRD,2009,198533970
AUT,PAS_BRD,2008,24089381
BEL,PAS_BRD,2008,22342029
BGR,PAS_BRD,2008,6447810
CHE,PAS_BRD,2008,36808704
CYP,PAS_BRD,2008,7575187
CZE,PAS_BRD,2008,13643795
DEU,PAS_BRD,2008,167763876
DNK,PAS_BRD,2008,24483893
EST,PAS_BRD,2008,1804792
GRC,PAS_BRD,2008,35059777
ESP,PAS_BRD,2008,162236983
FIN,PAS_BRD,2008,14848534
FRA,PAS_BRD,2008,122723531
HRV,PAS_BRD,2008,4587144
HUN,PAS_BRD,2008,8429082
IRL,PAS_BRD,2008,30166241
ISL,PAS_BRD,2008,2240998
ITA,PAS_BRD,2008,106539697
LTU,PAS_BRD,2008,2562957
LUX,PAS_BRD,2008,1692621
LVA,PAS_BRD,2008,3700661
MNE,PAS_BRD,2008,
MKD,PAS_BRD,2008,
MLT,PAS_BRD,2008,3109899
NLD,PAS_BRD,2008,50670350
NOR,PAS_BRD,2008,28961923
POL,PAS_BRD,2008,18729811
PRT,PAS_BRD,2008,24773897
ROU,PAS_BRD,2008,8061181
RS,PAS_BRD,2008,
SWE,PAS_BRD,2008,28063643
SVN,PAS_BRD,2008,1676821
SVK,PAS_BRD,2008,2600088
TUR,PAS_BRD,2008,
GBR,PAS_BRD,2008,214857250
AUT,PAS_CRD,2008,23899584
BEL,PAS_CRD,2008,21983683
BGR,PAS_CRD,2008,6417992
CHE,PAS_CRD,2008,36595735
CYP,PAS_CRD,2008,7218084
CZE,PAS_CRD,2008,13429149
DEU,PAS_CRD,2008,165758846
DNK,PAS_CRD,2008,24639072
EST,PAS_CRD,2008,1804430
GRC,PAS_CRD,2008,35059804
ESP,PAS_CRD,2008,161400952
FIN,PAS_CRD,2008,14850682
FRA,PAS_CRD,2008,122960315
HRV,PAS_CRD,2008,4504677
HUN,PAS_CRD,2008,8429082
IRL,PAS_CRD,2008,30018287
ISL,PAS_CRD,2008,2240998
ITA,PAS_CRD,2008,105216903
LTU,PAS_CRD,2008,2552074
LUX,PAS_CRD,2008,1713217
LVA,PAS_CRD,2008,3687329
MNE,PAS_CRD,2008,
MKD,PAS_CRD,2008,
MLT,PAS_CRD,2008,3109899
NLD,PAS_CRD,2008,50419501
NOR,PAS_CRD,2008,27717155
POL,PAS_CRD,2008,18727365
PRT,PAS_CRD,2008,25182901
ROU,PAS_CRD,2008,8031267
RS,PAS_CRD,2008,
SWE,PAS_CRD,2008,27817350
SVN,PAS_CRD,2008,1648977
SVK,PAS_CRD,2008,2596334
GBR,PAS_CRD,2008,213890470
AUT,PAS_BRD,2007,23098068
BEL,PAS_BRD,2007,21018306
BGR,PAS_BRD,2007,6076857
CHE,PAS_BRD,2007,34773072
CYP,PAS_BRD,2007,7322689
CZE,PAS_BRD,2007,13266743
DEU,PAS_BRD,2007,165844615
DNK,PAS_BRD,2007,24191452
EST,PAS_BRD,2007,1722931
GRC,PAS_BRD,2007,35566421
ESP,PAS_BRD,2007,162984822
FIN,PAS_BRD,2007,14428108
FRA,PAS_BRD,2007,120257268
HRV,PAS_BRD,2007,
HUN,PAS_BRD,2007,8580261
IRL,PAS_BRD,2007,30083844
ISL,PAS_BRD,2007,2462118
ITA,PAS_BRD,2007,108739439
LTU,PAS_BRD,2007,2197874
LUX,PAS_BRD,2007,1634465
LVA,PAS_BRD,2007,3170062
MNE,PAS_BRD,2007,
MKD,PAS_BRD,2007,
MLT,PAS_BRD,2007,2971368
NLD,PAS_BRD,2007,50763247
NOR,PAS_BRD,2007,27897622
POL,PAS_BRD,2007,17154688
PRT,PAS_BRD,2007,24108463
ROU,PAS_BRD,2007,6988377
RS,PAS_BRD,2007,
SWE,PAS_BRD,2007,27264659
SVN,PAS_BRD,2007,1526966
SVK,PAS_BRD,2007,2264629
TUR,PAS_BRD,2007,
GBR,PAS_BRD,2007,218612310
AUT,PAS_CRD,2007,22926104
BEL,PAS_CRD,2007,20805455
BGR,PAS_CRD,2007,6072357
CHE,PAS_CRD,2007,34537698
CYP,PAS_CRD,2007,7004315
CZE,PAS_CRD,2007,13098141
DEU,PAS_CRD,2007,163784893
DNK,PAS_CRD,2007,24043172
EST,PAS_CRD,2007,1722505
GRC,PAS_CRD,2007,35567225
ESP,PAS_CRD,2007,163523010
FIN,PAS_CRD,2007,14464575
FRA,PAS_CRD,2007,120037222
HRV,PAS_CRD,2007,
HUN,PAS_CRD,2007,8580261
IRL,PAS_CRD,2007,29840020
ISL,PAS_CRD,2007,2462113
ITA,PAS_CRD,2007,106294258
LTU,PAS_CRD,2007,2195959
LUX,PAS_CRD,2007,1634465
LVA,PAS_CRD,2007,3155771
MNE,PAS_CRD,2007,
MKD,PAS_CRD,2007,
MLT,PAS_CRD,2007,2971368
NLD,PAS_CRD,2007,50502715
NOR,PAS_CRD,2007,26385631
POL,PAS_CRD,2007,17120078
PRT,PAS_CRD,2007,24326238
ROU,PAS_CRD,2007,6908599
RS,PAS_CRD,2007,
SWE,PAS_CRD,2007,26967253
SVN,PAS_CRD,2007,1504446
SVK,PAS_CRD,2007,2232411
GBR,PAS_CRD,2007,217291360
AUT,PAS_BRD,2006,21006752
BEL,PAS_BRD,2006,19292959
BGR,PAS_BRD,2006,
CHE,PAS_BRD,2006,32202802
CYP,PAS_BRD,2006,7034865
CZE,PAS_BRD,2006,12329375
DEU,PAS_BRD,2006,156254424
DNK,PAS_BRD,2006,23183947
EST,PAS_BRD,2006,1533706
GRC,PAS_BRD,2006,33580420
ESP,PAS_BRD,2006,147962322
FIN,PAS_BRD,2006,13330115
FRA,PAS_BRD,2006,113182776
HRV,PAS_BRD,2006,
HUN,PAS_BRD,2006,8245920
IRL,PAS_BRD,2006,28052624
ISL,PAS_BRD,2006,2277897
ITA,PAS_BRD,2006,97919578
LTU,PAS_BRD,2006,1804763
LUX,PAS_BRD,2006,1597404
LVA,PAS_BRD,2006,2502291
MNE,PAS_BRD,2006,
MKD,PAS_BRD,2006,
MLT,PAS_BRD,2006,2699870
NLD,PAS_BRD,2006,48898834
NOR,PAS_BRD,2006,25872295
POL,PAS_BRD,2006,13546393
PRT,PAS_BRD,2006,21495387
ROU,PAS_BRD,2006,4936147
RS,PAS_BRD,2006,
SWE,PAS_BRD,2006,26215097
SVN,PAS_BRD,2006,1329968
SVK,PAS_BRD,2006,2153021
TUR,PAS_BRD,2006,
GBR,PAS_BRD,2006,212575264
AUT,PAS_CRD,2006,20824533
BEL,PAS_CRD,2006,19154673
BGR,PAS_CRD,2006,
CHE,PAS_CRD,2006,31829653
CYP,PAS_CRD,2006,6714102
CZE,PAS_CRD,2006,12171235
DEU,PAS_CRD,2006,154090077
DNK,PAS_CRD,2006,22967560
EST,PAS_CRD,2006,1533132
GRC,PAS_CRD,2006,33580794
ESP,PAS_CRD,2006,150599291
FIN,PAS_CRD,2006,13443365
FRA,PAS_CRD,2006,113189378
HRV,PAS_CRD,2006,
HUN,PAS_CRD,2006,8245920
IRL,PAS_CRD,2006,27558133
ISL,PAS_CRD,2006,2278036
ITA,PAS_CRD,2006,95914382
LTU,PAS_CRD,2006,1799195
LUX,PAS_CRD,2006,1597404
LVA,PAS_CRD,2006,2488065
MNE,PAS_CRD,2006,
MKD,PAS_CRD,2006,
MLT,PAS_CRD,2006,2699870
NLD,PAS_CRD,2006,48584873
NOR,PAS_CRD,2006,24052506
POL,PAS_CRD,2006,13737803
PRT,PAS_CRD,2006,22028195
ROU,PAS_CRD,2006,4900134
RS,PAS_CRD,2006,
SWE,PAS_CRD,2006,25744721
SVN,PAS_CRD,2006,1327333
SVK,PAS_CRD,2006,2124447
GBR,PAS_CRD,2006,211230640
AUT,PAS_BRD,2005,19945405
BEL,PAS_BRD,2005,17916905
BGR,PAS_BRD,2005,
CHE,PAS_BRD,2005,29195461
CYP,PAS_BRD,2005,7082456
CZE,PAS_BRD,2005,11366681
DEU,PAS_BRD,2005,148128069
DNK,PAS_BRD,2005,22331856
EST,PAS_BRD,2005,1393500
GRC,PAS_BRD,2005,31572611
ESP,PAS_BRD,2005,140867110
FIN,PAS_BRD,2005,12224597
FRA,PAS_BRD,2005,107955384
HRV,PAS_BRD,2005,
HUN,PAS_BRD,2005,7918083
IRL,PAS_BRD,2005,24701838
ISL,PAS_BRD,2005,2111096
ITA,PAS_BRD,2005,89605135
LTU,PAS_BRD,2005,1450180
LUX,PAS_BRD,2005,1538152
LVA,PAS_BRD,2005,1889619
MNE,PAS_BRD,2005,
MKD,PAS_BRD,2005,
MLT,PAS_BRD,2005,2757240
NLD,PAS_BRD,2005,46690206
NOR,PAS_BRD,2005,23157807
POL,PAS_BRD,2005,7080176
PRT,PAS_BRD,2005,20184154
ROU,PAS_BRD,2005,3632873
RS,PAS_BRD,2005,
SWE,PAS_BRD,2005,22898729
SVN,PAS_BRD,2005,1219091
SVK,PAS_BRD,2005,1567104
TUR,PAS_BRD,2005,
GBR,PAS_BRD,2005,205406514
AUT,PAS_CRD,2005,19684822
BEL,PAS_CRD,2005,17813943
BGR,PAS_CRD,2005,
CHE,PAS_CRD,2005,28876325
CYP,PAS_CRD,2005,6782521
CZE,PAS_CRD,2005,11265764
DEU,PAS_CRD,2005,146102479
DNK,PAS_CRD,2005,22173770
EST,PAS_CRD,2005,1393105
GRC,PAS_CRD,2005,31572652
ESP,PAS_CRD,2005,143679871
FIN,PAS_CRD,2005,12348113
FRA,PAS_CRD,2005,107964706
HRV,PAS_CRD,2005,
HUN,PAS_CRD,2005,7918083
IRL,PAS_CRD,2005,24254298
ISL,PAS_CRD,2005,2111100
ITA,PAS_CRD,2005,87906438
LTU,PAS_CRD,2005,1434241
LUX,PAS_CRD,2005,1538152
LVA,PAS_CRD,2005,1872040
MNE,PAS_CRD,2005,
MKD,PAS_CRD,2005,
MLT,PAS_CRD,2005,2757240
NLD,PAS_CRD,2005,46433037
NOR,PAS_CRD,2005,18578950
POL,PAS_CRD,2005,7080325
PRT,PAS_CRD,2005,20274653
ROU,PAS_CRD,2005,3493783
RS,PAS_CRD,2005,
SWE,PAS_CRD,2005,20997169
SVN,PAS_CRD,2005,1217167
SVK,PAS_CRD,2005,1519452
GBR,PAS_CRD,2005,204022904
AUT,PAS_BRD,2004,18630401
BEL,PAS_BRD,2004,17570003
BGR,PAS_BRD,2004,
CHE,PAS_BRD,2004,26824950
CYP,PAS_BRD,2004,6824686
CZE,PAS_BRD,2004,10153848
DEU,PAS_BRD,2004,138114571
DNK,PAS_BRD,2004,21189193
EST,PAS_BRD,2004,990776
GRC,PAS_BRD,2004,30314482
ESP,PAS_BRD,2004,130489860
FIN,PAS_BRD,2004,11700066
FRA,PAS_BRD,2004,103039212
HRV,PAS_BRD,2004,
HUN,PAS_BRD,2004,6380372
IRL,PAS_BRD,2004,21213490
ISL,PAS_BRD,2004,1888607
ITA,PAS_BRD,2004,82117056
LTU,PAS_BRD,2004,
LUX,PAS_BRD,2004,1509069
LVA,PAS_BRD,2004,1058826
MNE,PAS_BRD,2004,
MKD,PAS_BRD,2004,
MLT,PAS_BRD,2004,2764975
NLD,PAS_BRD,2004,44870327
NOR,PAS_BRD,2004,21103388
POL,PAS_BRD,2004,6091643
PRT,PAS_BRD,2004,19043973
ROU,PAS_BRD,2004,3433289
RS,PAS_BRD,2004,
SWE,PAS_BRD,2004,21718349
SVN,PAS_BRD,2004,1050331
SVK,PAS_BRD,2004,1124304
TUR,PAS_BRD,2004,
GBR,PAS_BRD,2004,193641767
AUT,PAS_CRD,2004,18296612
BEL,PAS_CRD,2004,17468503
BGR,PAS_CRD,2004,
CHE,PAS_CRD,2004,26567888
CYP,PAS_CRD,2004,6421198
CZE,PAS_CRD,2004,9950314
DEU,PAS_CRD,2004,135909864
DNK,PAS_CRD,2004,21006048
EST,PAS_CRD,2004,990776
GRC,PAS_CRD,2004,30314835
ESP,PAS_CRD,2004,129771378
FIN,PAS_CRD,2004,11785244
FRA,PAS_CRD,2004,103042925
HRV,PAS_CRD,2004,
HUN,PAS_CRD,2004,6380372
IRL,PAS_CRD,2004,20851353
ISL,PAS_CRD,2004,1888607
ITA,PAS_CRD,2004,80805830
LTU,PAS_CRD,2004,994161
LUX,PAS_CRD,2004,1509069
LVA,PAS_CRD,2004,1056041
MNE,PAS_CRD,2004,
MKD,PAS_CRD,2004,
MLT,PAS_CRD,2004,2790121
NLD,PAS_CRD,2004,44493696
NOR,PAS_CRD,2004,19621419
POL,PAS_CRD,2004,6091886
PRT,PAS_CRD,2004,18423155
ROU,PAS_CRD,2004,3192620
RS,PAS_CRD,2004,
SWE,PAS_CRD,2004,19957013
SVN,PAS_CRD,2004,1046162
SVK,PAS_CRD,2004,1080945
GBR,PAS_CRD,2004,192282712
AUT,PAS_BRD,2003,16081777
BEL,PAS_BRD,2003,15199304
BGR,PAS_BRD,2003,
CHE,PAS_BRD,2003,25963842
CYP,PAS_BRD,2003,6792499
CZE,PAS_BRD,2003,7855437
DEU,PAS_BRD,2003,123310175
DNK,PAS_BRD,2003,19254846
EST,PAS_BRD,2003,710069
GRC,PAS_BRD,2003,28165079
ESP,PAS_BRD,2003,120052804
FIN,PAS_BRD,2003,10454744
FRA,PAS_BRD,2003,96292351
HRV,PAS_BRD,2003,
HUN,PAS_BRD,2003,5010397
IRL,PAS_BRD,2003,19857444
ISL,PAS_BRD,2003,1561579
ITA,PAS_BRD,2003,74345629
LTU,PAS_BRD,2003,
LUX,PAS_BRD,2003,1449399
LVA,PAS_BRD,2003,711848
MNE,PAS_BRD,2003,
MKD,PAS_BRD,2003,
MLT,PAS_BRD,2003,2647726
NLD,PAS_BRD,2003,41143826
NOR,PAS_BRD,2003,20039822
POL,PAS_BRD,2003,
PRT,PAS_BRD,2003,18001767
ROU,PAS_BRD,2003,
RS,PAS_BRD,2003,
SWE,PAS_BRD,2003,20440596
SVN,PAS_BRD,2003,
SVK,PAS_BRD,2003,640521
TUR,PAS_BRD,2003,
GBR,PAS_BRD,2003,179388759
AUT,PAS_CRD,2003,15798652
BEL,PAS_CRD,2003,15095879
BGR,PAS_CRD,2003,
CHE,PAS_CRD,2003,25676117
CYP,PAS_CRD,2003,6077403
CZE,PAS_CRD,2003,7761268
DEU,PAS_CRD,2003,121181405
DNK,PAS_CRD,2003,361945
EST,PAS_CRD,2003,
GRC,PAS_CRD,2003,28165427
ESP,PAS_CRD,2003,120238878
FIN,PAS_CRD,2003,10516364
FRA,PAS_CRD,2003,96295691
HRV,PAS_CRD,2003,
HUN,PAS_CRD,2003,5010397
IRL,PAS_CRD,2003,
ISL,PAS_CRD,2003,1561578
ITA,PAS_CRD,2003,73917022
LTU,PAS_CRD,2003,721789
LUX,PAS_CRD,2003,
LVA,PAS_CRD,2003,
MNE,PAS_CRD,2003,
MKD,PAS_CRD,2003,
MLT,PAS_CRD,2003,2647642
NLD,PAS_CRD,2003,41168497
NOR,PAS_CRD,2003,18825090
POL,PAS_CRD,2003,
PRT,PAS_CRD,2003,17739078
ROU,PAS_CRD,2003,2717516
RS,PAS_CRD,2003,
SWE,PAS_CRD,2003,
SVN,PAS_CRD,2003,
SVK,PAS_CRD,2003,625861
GBR,PAS_CRD,2003,177905268
AUT,PAS_BRD,2002,15195431
BEL,PAS_BRD,2002,13761944
BGR,PAS_BRD,2002,
CHE,PAS_BRD,2002,26749186
CYP,PAS_BRD,2002,
CZE,PAS_BRD,2002,6616882
DEU,PAS_BRD,2002,116780151
DNK,PAS_BRD,2002,19729648
EST,PAS_BRD,2002,602925
GRC,PAS_BRD,2002,
ESP,PAS_BRD,2002,113020570
FIN,PAS_BRD,2002,10629140
FRA,PAS_BRD,2002,96530277
HRV,PAS_BRD,2002,
HUN,PAS_BRD,2002,4468821
IRL,PAS_BRD,2002,
ISL,PAS_BRD,2002,
ITA,PAS_BRD,2002,66122822
LTU,PAS_BRD,2002,
LUX,PAS_BRD,2002,1505195
LVA,PAS_BRD,2002,633322
MNE,PAS_BRD,2002,
MKD,PAS_BRD,2002,
MLT,PAS_BRD,2002,2639805
NLD,PAS_BRD,2002,40753336
NOR,PAS_BRD,2002,18887114
POL,PAS_BRD,2002,
PRT,PAS_BRD,2002,17669325
ROU,PAS_BRD,2002,
RS,PAS_BRD,2002,
SWE,PAS_BRD,2002,22039239
SVN,PAS_BRD,2002,
SVK,PAS_BRD,2002,498682
TUR,PAS_BRD,2002,
GBR,PAS_BRD,2002,170393777
AUT,PAS_CRD,2002,14943765
BEL,PAS_CRD,2002,13558962
BGR,PAS_CRD,2002,
CHE,PAS_CRD,2002,26747287
CYP,PAS_CRD,2002,
CZE,PAS_CRD,2002,6579480
DEU,PAS_CRD,2002,114383253
DNK,PAS_CRD,2002,
EST,PAS_CRD,2002,
GRC,PAS_CRD,2002,
ESP,PAS_CRD,2002,112237754
FIN,PAS_CRD,2002,10295754
FRA,PAS_CRD,2002,96533114
HRV,PAS_CRD,2002,
HUN,PAS_CRD,2002,4468821
IRL,PAS_CRD,2002,18235186
ISL,PAS_CRD,2002,
ITA,PAS_CRD,2002,65227580
LTU,PAS_CRD,2002,
LUX,PAS_CRD,2002,
LVA,PAS_CRD,2002,
MNE,PAS_CRD,2002,
MKD,PAS_CRD,2002,
MLT,PAS_CRD,2002,2639805
NLD,PAS_CRD,2002,41875323
NOR,PAS_CRD,2002,18631949
POL,PAS_CRD,2002,
PRT,PAS_CRD,2002,17383237
ROU,PAS_CRD,2002,2414809
RS,PAS_CRD,2002,
SWE,PAS_CRD,2002,
SVN,PAS_CRD,2002,
SVK,PAS_CRD,2002,497007
GBR,PAS_CRD,2002,168756893
AUT,PAS_BRD,2001,14697777
BEL,PAS_BRD,2001,19789038
BGR,PAS_BRD,2001,
CHE,PAS_BRD,2001,31046260
CYP,PAS_BRD,2001,8529105
CZE,PAS_BRD,2001,
DEU,PAS_BRD,2001,120092632
DNK,PAS_BRD,2001,19622503
EST,PAS_BRD,2001,570865
GRC,PAS_BRD,2001,
ESP,PAS_BRD,2001,114150434
FIN,PAS_BRD,2001,10406349
FRA,PAS_BRD,2001,
HRV,PAS_BRD,2001,
HUN,PAS_BRD,2001,4581559
IRL,PAS_BRD,2001,
ISL,PAS_BRD,2001,
ITA,PAS_BRD,2001,65964757
LTU,PAS_BRD,2001,
LUX,PAS_BRD,2001,1618723
LVA,PAS_BRD,2001,623543
MNE,PAS_BRD,2001,
MKD,PAS_BRD,2001,
MLT,PAS_BRD,2001,2836131
NLD,PAS_BRD,2001,39537720
NOR,PAS_BRD,2001,19994504
POL,PAS_BRD,2001,
PRT,PAS_BRD,2001,17570238
ROU,PAS_BRD,2001,
RS,PAS_BRD,2001,
SWE,PAS_BRD,2001,24109711
SVN,PAS_BRD,2001,
SVK,PAS_BRD,2001,430299
TUR,PAS_BRD,2001,
GBR,PAS_BRD,2001,164748300
AUT,PAS_CRD,2001,
BEL,PAS_CRD,2001,
BGR,PAS_CRD,2001,
CHE,PAS_CRD,2001,
CYP,PAS_CRD,2001,6539766
CZE,PAS_CRD,2001,
DEU,PAS_CRD,2001,118186356
DNK,PAS_CRD,2001,
EST,PAS_CRD,2001,
GRC,PAS_CRD,2001,
ESP,PAS_CRD,2001,112936603
FIN,PAS_CRD,2001,
FRA,PAS_CRD,2001,94390723
HRV,PAS_CRD,2001,
HUN,PAS_CRD,2001,
IRL,PAS_CRD,2001,17316121
ISL,PAS_CRD,2001,
ITA,PAS_CRD,2001,40289030
LTU,PAS_CRD,2001,
LUX,PAS_CRD,2001,
LVA,PAS_CRD,2001,
MNE,PAS_CRD,2001,
MKD,PAS_CRD,2001,
MLT,PAS_CRD,2001,2836131
NLD,PAS_CRD,2001,40671305
NOR,PAS_CRD,2001,
POL,PAS_CRD,2001,
PRT,PAS_CRD,2001,17310534
ROU,PAS_CRD,2001,2360467
RS,PAS_CRD,2001,
SWE,PAS_CRD,2001,
SVN,PAS_CRD,2001,
SVK,PAS_CRD,2001,414356
GBR,PAS_CRD,2001,163041375
AUT,PAS_BRD,2000,14766021
BEL,PAS_BRD,2000,
BGR,PAS_BRD,2000,
CHE,PAS_BRD,2000,33037945
CYP,PAS_BRD,2000,
CZE,PAS_BRD,2000,
DEU,PAS_BRD,2000,122932014
DNK,PAS_BRD,2000,
EST,PAS_BRD,2000,
GRC,PAS_BRD,2000,
ESP,PAS_BRD,2000,
FIN,PAS_BRD,2000,10319341
FRA,PAS_BRD,2000,
HRV,PAS_BRD,2000,
HUN,PAS_BRD,2000,
IRL,PAS_BRD,2000,
ISL,PAS_BRD,2000,
ITA,PAS_BRD,2000,67298558
LTU,PAS_BRD,2000,
LUX,PAS_BRD,2000,1655551
LVA,PAS_BRD,2000,
MNE,PAS_BRD,2000,
MKD,PAS_BRD,2000,
MLT,PAS_BRD,2000,
NLD,PAS_BRD,2000,
NOR,PAS_BRD,2000,20069238
POL,PAS_BRD,2000,
PRT,PAS_BRD,2000,
ROU,PAS_BRD,2000,
RS,PAS_BRD,2000,
SWE,PAS_BRD,2000,24327846
SVN,PAS_BRD,2000,
SVK,PAS_BRD,2000,
TUR,PAS_BRD,2000,
GBR,PAS_BRD,2000,164207592
AUT,PAS_CRD,2000,
BEL,PAS_CRD,2000,21594842
BGR,PAS_CRD,2000,
CHE,PAS_CRD,2000,
CYP,PAS_CRD,2000,
CZE,PAS_CRD,2000,
DEU,PAS_CRD,2000,120691010
DNK,PAS_CRD,2000,
EST,PAS_CRD,2000,
GRC,PAS_CRD,2000,30725465
ESP,PAS_CRD,2000,109971151
FIN,PAS_CRD,2000,10721453
FRA,PAS_CRD,2000,96366913
HRV,PAS_CRD,2000,
HUN,PAS_CRD,2000,
IRL,PAS_CRD,2000,16685717
ISL,PAS_CRD,2000,
ITA,PAS_CRD,2000,
LTU,PAS_CRD,2000,
LUX,PAS_CRD,2000,
LVA,PAS_CRD,2000,
MNE,PAS_CRD,2000,
MKD,PAS_CRD,2000,
MLT,PAS_CRD,2000,
NLD,PAS_CRD,2000,40626191
NOR,PAS_CRD,2000,
POL,PAS_CRD,2000,
PRT,PAS_CRD,2000,19572269
ROU,PAS_CRD,2000,
RS,PAS_CRD,2000,
SWE,PAS_CRD,2000,
SVN,PAS_CRD,2000,
SVK,PAS_CRD,2000,
GBR,PAS_CRD,2000,162339818
AUT,PAS_BRD,1999,13778419
BEL,PAS_BRD,1999,
BGR,PAS_BRD,1999,
CHE,PAS_BRD,1999,27676090
CYP,PAS_BRD,1999,
CZE,PAS_BRD,1999,
DEU,PAS_BRD,1999,114757385
DNK,PAS_BRD,1999,12392548
EST,PAS_BRD,1999,
GRC,PAS_BRD,1999,
ESP,PAS_BRD,1999,
FIN,PAS_BRD,1999,9963342
FRA,PAS_BRD,1999,
HRV,PAS_BRD,1999,
HUN,PAS_BRD,1999,
IRL,PAS_BRD,1999,0
ISL,PAS_BRD,1999,
ITA,PAS_BRD,1999,59555007
LTU,PAS_BRD,1999,
LUX,PAS_BRD,1999,1574031
LVA,PAS_BRD,1999,
MNE,PAS_BRD,1999,
MKD,PAS_BRD,1999,
MLT,PAS_BRD,1999,
NLD,PAS_BRD,1999,
NOR,PAS_BRD,1999,17974053
POL,PAS_BRD,1999,
PRT,PAS_BRD,1999,15796121
ROU,PAS_BRD,1999,
RS,PAS_BRD,1999,
SWE,PAS_BRD,1999,22891048
SVN,PAS_BRD,1999,
SVK,PAS_BRD,1999,
TUR,PAS_BRD,1999,
GBR,PAS_BRD,1999,153007415
AUT,PAS_CRD,1999,
BEL,PAS_CRD,1999,20002289
BGR,PAS_CRD,1999,
CHE,PAS_CRD,1999,27007844
CYP,PAS_CRD,1999,
CZE,PAS_CRD,1999,
DEU,PAS_CRD,1999,112191393
DNK,PAS_CRD,1999,
EST,PAS_CRD,1999,
GRC,PAS_CRD,1999,27593971
ESP,PAS_CRD,1999,101326370
FIN,PAS_CRD,1999,9796432
FRA,PAS_CRD,1999,90729435
HRV,PAS_CRD,1999,
HUN,PAS_CRD,1999,
IRL,PAS_CRD,1999,15235311
ISL,PAS_CRD,1999,
ITA,PAS_CRD,1999,
LTU,PAS_CRD,1999,
LUX,PAS_CRD,1999,
LVA,PAS_CRD,1999,
MNE,PAS_CRD,1999,
MKD,PAS_CRD,1999,
MLT,PAS_CRD,1999,
NLD,PAS_CRD,1999,37454145
NOR,PAS_CRD,1999,
POL,PAS_CRD,1999,
PRT,PAS_CRD,1999,14972855
ROU,PAS_CRD,1999,
RS,PAS_CRD,1999,
SWE,PAS_CRD,1999,
SVN,PAS_CRD,1999,
SVK,PAS_CRD,1999,
GBR,PAS_CRD,1999,151467129
AUT,PAS_BRD,1998,13208221
BEL,PAS_BRD,1998,18504949
BGR,PAS_BRD,1998,
CHE,PAS_BRD,1998,25700884
CYP,PAS_BRD,1998,
CZE,PAS_BRD,1998,
DEU,PAS_BRD,1998,107514963
DNK,PAS_BRD,1998,12220696
EST,PAS_BRD,1998,
GRC,PAS_BRD,1998,
ESP,PAS_BRD,1998,
FIN,PAS_BRD,1998,9647064
FRA,PAS_BRD,1998,
HRV,PAS_BRD,1998,
HUN,PAS_BRD,1998,
IRL,PAS_BRD,1998,
ISL,PAS_BRD,1998,
ITA,PAS_BRD,1998,
LTU,PAS_BRD,1998,
LUX,PAS_BRD,1998,1486850
LVA,PAS_BRD,1998,
MNE,PAS_BRD,1998,
MKD,PAS_BRD,1998,
MLT,PAS_BRD,1998,
NLD,PAS_BRD,1998,448476
NOR,PAS_BRD,1998,
POL,PAS_BRD,1998,
PRT,PAS_BRD,1998,14662382
ROU,PAS_BRD,1998,
RS,PAS_BRD,1998,
SWE,PAS_BRD,1998,21056309
SVN,PAS_BRD,1998,
SVK,PAS_BRD,1998,
TUR,PAS_BRD,1998,
GBR,PAS_BRD,1998,144502206
AUT,PAS_CRD,1998,
BEL,PAS_CRD,1998,18481800
BGR,PAS_CRD,1998,
CHE,PAS_CRD,1998,24741620
CYP,PAS_CRD,1998,
CZE,PAS_CRD,1998,
DEU,PAS_CRD,1998,104533962
DNK,PAS_CRD,1998,
EST,PAS_CRD,1998,
GRC,PAS_CRD,1998,24103793
ESP,PAS_CRD,1998,68767908
FIN,PAS_CRD,1998,9983372
FRA,PAS_CRD,1998,84621906
HRV,PAS_CRD,1998,
HUN,PAS_CRD,1998,
IRL,PAS_CRD,1998,13274833
ISL,PAS_CRD,1998,
ITA,PAS_CRD,1998,35052392
LTU,PAS_CRD,1998,
LUX,PAS_CRD,1998,
LVA,PAS_CRD,1998,
MNE,PAS_CRD,1998,
MKD,PAS_CRD,1998,
MLT,PAS_CRD,1998,
NLD,PAS_CRD,1998,34856920
NOR,PAS_CRD,1998,
POL,PAS_CRD,1998,
PRT,PAS_CRD,1998,13694126
ROU,PAS_CRD,1998,
RS,PAS_CRD,1998,
SWE,PAS_CRD,1998,
SVN,PAS_CRD,1998,
SVK,PAS_CRD,1998,
GBR,PAS_CRD,1998,142897783
AUT,PAS_BRD,1997,12206401
BEL,PAS_BRD,1997,15805002
BGR,PAS_BRD,1997,
CHE,PAS_BRD,1997,24409270
CYP,PAS_BRD,1997,
CZE,PAS_BRD,1997,
DEU,PAS_BRD,1997,96157840
DNK,PAS_BRD,1997,16614473
EST,PAS_BRD,1997,
GRC,PAS_BRD,1997,
ESP,PAS_BRD,1997,
FIN,PAS_BRD,1997,2810058
FRA,PAS_BRD,1997,
HRV,PAS_BRD,1997,
HUN,PAS_BRD,1997,
IRL,PAS_BRD,1997,
ISL,PAS_BRD,1997,
ITA,PAS_BRD,1997,
LTU,PAS_BRD,1997,
LUX,PAS_BRD,1997,1423244
LVA,PAS_BRD,1997,
MNE,PAS_BRD,1997,
MKD,PAS_BRD,1997,
MLT,PAS_BRD,1997,
NLD,PAS_BRD,1997,403185
NOR,PAS_BRD,1997,
POL,PAS_BRD,1997,
PRT,PAS_BRD,1997,13031799
ROU,PAS_BRD,1997,
RS,PAS_BRD,1997,
SWE,PAS_BRD,1997,19576775
SVN,PAS_BRD,1997,
SVK,PAS_BRD,1997,
TUR,PAS_BRD,1997,
GBR,PAS_BRD,1997,115209003
AUT,PAS_CRD,1997,
BEL,PAS_CRD,1997,15923010
BGR,PAS_CRD,1997,
CHE,PAS_CRD,1997,23375670
CYP,PAS_CRD,1997,
CZE,PAS_CRD,1997,
DEU,PAS_CRD,1997,93978791
DNK,PAS_CRD,1997,
EST,PAS_CRD,1997,
GRC,PAS_CRD,1997,18611962
ESP,PAS_CRD,1997,62173233
FIN,PAS_CRD,1997,6441657
FRA,PAS_CRD,1997,79333292
HRV,PAS_CRD,1997,
HUN,PAS_CRD,1997,
IRL,PAS_CRD,1997,12373093
ISL,PAS_CRD,1997,
ITA,PAS_CRD,1997,53430518
LTU,PAS_CRD,1997,
LUX,PAS_CRD,1997,
LVA,PAS_CRD,1997,
MNE,PAS_CRD,1997,
MKD,PAS_CRD,1997,
MLT,PAS_CRD,1997,
NLD,PAS_CRD,1997,31835635
NOR,PAS_CRD,1997,
POL,PAS_CRD,1997,
PRT,PAS_CRD,1997,12143767
ROU,PAS_CRD,1997,
RS,PAS_CRD,1997,
SWE,PAS_CRD,1997,
SVN,PAS_CRD,1997,
SVK,PAS_CRD,1997,
GBR,PAS_CRD,1997,114155365
AUT,PAS_BRD,1996,11341868
BEL,PAS_BRD,1996,318366
BGR,PAS_BRD,1996,
CHE,PAS_BRD,1996,22092190
CYP,PAS_BRD,1996,
CZE,PAS_BRD,1996,
DEU,PAS_BRD,1996,90137141
DNK,PAS_BRD,1996,15698999
EST,PAS_BRD,1996,
GRC,PAS_BRD,1996,
ESP,PAS_BRD,1996,
FIN,PAS_BRD,1996,
FRA,PAS_BRD,1996,
HRV,PAS_BRD,1996,
HUN,PAS_BRD,1996,
IRL,PAS_BRD,1996,
ISL,PAS_BRD,1996,
ITA,PAS_BRD,1996,
LTU,PAS_BRD,1996,
LUX,PAS_BRD,1996,1272354
LVA,PAS_BRD,1996,
MNE,PAS_BRD,1996,
MKD,PAS_BRD,1996,
MLT,PAS_BRD,1996,
NLD,PAS_BRD,1996,371942
NOR,PAS_BRD,1996,
POL,PAS_BRD,1996,
PRT,PAS_BRD,1996,12261369
ROU,PAS_BRD,1996,
RS,PAS_BRD,1996,
SWE,PAS_BRD,1996,18124079
SVN,PAS_BRD,1996,
SVK,PAS_BRD,1996,
TUR,PAS_BRD,1996,
GBR,PAS_BRD,1996,105900412
AUT,PAS_CRD,1996,
BEL,PAS_CRD,1996,13354702
BGR,PAS_CRD,1996,
CHE,PAS_CRD,1996,21329039
CYP,PAS_CRD,1996,
CZE,PAS_CRD,1996,
DEU,PAS_CRD,1996,87901604
DNK,PAS_CRD,1996,
EST,PAS_CRD,1996,
GRC,PAS_CRD,1996,17709200
ESP,PAS_CRD,1996,57052551
FIN,PAS_CRD,1996,
FRA,PAS_CRD,1996,48976296
HRV,PAS_CRD,1996,
HUN,PAS_CRD,1996,
IRL,PAS_CRD,1996,9915730
ISL,PAS_CRD,1996,
ITA,PAS_CRD,1996,48358178
LTU,PAS_CRD,1996,
LUX,PAS_CRD,1996,
LVA,PAS_CRD,1996,
MNE,PAS_CRD,1996,
MKD,PAS_CRD,1996,
MLT,PAS_CRD,1996,
NLD,PAS_CRD,1996,28045730
NOR,PAS_CRD,1996,
POL,PAS_CRD,1996,
PRT,PAS_CRD,1996,11478794
ROU,PAS_CRD,1996,
RS,PAS_CRD,1996,
SWE,PAS_CRD,1996,
SVN,PAS_CRD,1996,
SVK,PAS_CRD,1996,
GBR,PAS_CRD,1996,104921402
AUT,PAS_BRD,1995,10651260
BEL,PAS_BRD,1995,
BGR,PAS_BRD,1995,
CHE,PAS_BRD,1995,21679052
CYP,PAS_BRD,1995,
CZE,PAS_BRD,1995,
DEU,PAS_BRD,1995,87273538
DNK,PAS_BRD,1995,14636139
EST,PAS_BRD,1995,
GRC,PAS_BRD,1995,
ESP,PAS_BRD,1995,
FIN,PAS_BRD,1995,
FRA,PAS_BRD,1995,
HRV,PAS_BRD,1995,
HUN,PAS_BRD,1995,
IRL,PAS_BRD,1995,
ISL,PAS_BRD,1995,
ITA,PAS_BRD,1995,
LTU,PAS_BRD,1995,
LUX,PAS_BRD,1995,1259999
LVA,PAS_BRD,1995,
MNE,PAS_BRD,1995,
MKD,PAS_BRD,1995,
MLT,PAS_BRD,1995,
NLD,PAS_BRD,1995,340164
NOR,PAS_BRD,1995,
POL,PAS_BRD,1995,
PRT,PAS_BRD,1995,
ROU,PAS_BRD,1995,
RS,PAS_BRD,1995,
SWE,PAS_BRD,1995,17390233
SVN,PAS_BRD,1995,
SVK,PAS_BRD,1995,
TUR,PAS_BRD,1995,
GBR,PAS_BRD,1995,101972969
AUT,PAS_CRD,1995,
BEL,PAS_CRD,1995,12505217
BGR,PAS_CRD,1995,
CHE,PAS_CRD,1995,20501352
CYP,PAS_CRD,1995,
CZE,PAS_CRD,1995,
DEU,PAS_CRD,1995,84943369
DNK,PAS_CRD,1995,
EST,PAS_CRD,1995,
GRC,PAS_CRD,1995,19313135
ESP,PAS_CRD,1995,55025894
FIN,PAS_CRD,1995,
FRA,PAS_CRD,1995,44652838
HRV,PAS_CRD,1995,
HUN,PAS_CRD,1995,
IRL,PAS_CRD,1995,9781040
ISL,PAS_CRD,1995,
ITA,PAS_CRD,1995,44852540
LTU,PAS_CRD,1995,
LUX,PAS_CRD,1995,
LVA,PAS_CRD,1995,
MNE,PAS_CRD,1995,
MKD,PAS_CRD,1995,
MLT,PAS_CRD,1995,
NLD,PAS_CRD,1995,25544282
NOR,PAS_CRD,1995,
POL,PAS_CRD,1995,
PRT,PAS_CRD,1995,11299367
ROU,PAS_CRD,1995,
RS,PAS_CRD,1995,
SWE,PAS_CRD,1995,
SVN,PAS_CRD,1995,
SVK,PAS_CRD,1995,
GBR,PAS_CRD,1995,100971029
AUT,PAS_BRD,1994,9532544
BEL,PAS_BRD,1994,
BGR,PAS_BRD,1994,
CHE,PAS_BRD,1994,20612079
CYP,PAS_BRD,1994,
CZE,PAS_BRD,1994,
DEU,PAS_BRD,1994,66031294
DNK,PAS_BRD,1994,10575864
EST,PAS_BRD,1994,
GRC,PAS_BRD,1994,
ESP,PAS_BRD,1994,
FIN,PAS_BRD,1994,
FRA,PAS_BRD,1994,
HRV,PAS_BRD,1994,
HUN,PAS_BRD,1994,
IRL,PAS_BRD,1994,
ISL,PAS_BRD,1994,
ITA,PAS_BRD,1994,
LTU,PAS_BRD,1994,
LUX,PAS_BRD,1994,1188425
LVA,PAS_BRD,1994,
MNE,PAS_BRD,1994,
MKD,PAS_BRD,1994,
MLT,PAS_BRD,1994,
NLD,PAS_BRD,1994,318614
NOR,PAS_BRD,1994,
POL,PAS_BRD,1994,
PRT,PAS_BRD,1994,
ROU,PAS_BRD,1994,
RS,PAS_BRD,1994,
SWE,PAS_BRD,1994,11734781
SVN,PAS_BRD,1994,
SVK,PAS_BRD,1994,
TUR,PAS_BRD,1994,
GBR,PAS_BRD,1994,96787552
AUT,PAS_CRD,1994,
BEL,PAS_CRD,1994,11235430
BGR,PAS_CRD,1994,
CHE,PAS_CRD,1994,19357334
CYP,PAS_CRD,1994,
CZE,PAS_CRD,1994,
DEU,PAS_CRD,1994,64555531
DNK,PAS_CRD,1994,606937
EST,PAS_CRD,1994,
GRC,PAS_CRD,1994,20123470
ESP,PAS_CRD,1994,50552232
FIN,PAS_CRD,1994,
FRA,PAS_CRD,1994,44131762
HRV,PAS_CRD,1994,
HUN,PAS_CRD,1994,
IRL,PAS_CRD,1994,8101297
ISL,PAS_CRD,1994,
ITA,PAS_CRD,1994,26780183
LTU,PAS_CRD,1994,
LUX,PAS_CRD,1994,
LVA,PAS_CRD,1994,
MNE,PAS_CRD,1994,
MKD,PAS_CRD,1994,
MLT,PAS_CRD,1994,
NLD,PAS_CRD,1994,23649421
NOR,PAS_CRD,1994,
POL,PAS_CRD,1994,
PRT,PAS_CRD,1994,10581802
ROU,PAS_CRD,1994,
RS,PAS_CRD,1994,
SWE,PAS_CRD,1994,
SVN,PAS_CRD,1994,
SVK,PAS_CRD,1994,
GBR,PAS_CRD,1994,95858948
AUT,PAS_BRD,1993,8893689
BEL,PAS_BRD,1993,
BGR,PAS_BRD,1993,
CHE,PAS_BRD,1993,19236902
CYP,PAS_BRD,1993,
CZE,PAS_BRD,1993,
DEU,PAS_BRD,1993,60240266
DNK,PAS_BRD,1993,9610191
EST,PAS_BRD,1993,
GRC,PAS_BRD,1993,
ESP,PAS_BRD,1993,
FIN,PAS_BRD,1993,
FRA,PAS_BRD,1993,
HRV,PAS_BRD,1993,
HUN,PAS_BRD,1993,
IRL,PAS_BRD,1993,
ISL,PAS_BRD,1993,
ITA,PAS_BRD,1993,
LTU,PAS_BRD,1993,
LUX,PAS_BRD,1993,1052453
LVA,PAS_BRD,1993,
MNE,PAS_BRD,1993,
MKD,PAS_BRD,1993,
MLT,PAS_BRD,1993,
NLD,PAS_BRD,1993,304255
NOR,PAS_BRD,1993,
POL,PAS_BRD,1993,
PRT,PAS_BRD,1993,
ROU,PAS_BRD,1993,
RS,PAS_BRD,1993,
SWE,PAS_BRD,1993,5212198
SVN,PAS_BRD,1993,
SVK,PAS_BRD,1993,
TUR,PAS_BRD,1993,
GBR,PAS_BRD,1993,
AUT,PAS_CRD,1993,
BEL,PAS_CRD,1993,10028692
BGR,PAS_CRD,1993,
CHE,PAS_CRD,1993,18139840
CYP,PAS_CRD,1993,
CZE,PAS_CRD,1993,
DEU,PAS_CRD,1993,58845059
DNK,PAS_CRD,1993,270791
EST,PAS_CRD,1993,
GRC,PAS_CRD,1993,17317040
ESP,PAS_CRD,1993,45274592
FIN,PAS_CRD,1993,
FRA,PAS_CRD,1993,40715189
HRV,PAS_CRD,1993,
HUN,PAS_CRD,1993,
IRL,PAS_CRD,1993,5554914
ISL,PAS_CRD,1993,
ITA,PAS_CRD,1993,23680153
LTU,PAS_CRD,1993,
LUX,PAS_CRD,1993,
LVA,PAS_CRD,1993,
MNE,PAS_CRD,1993,
MKD,PAS_CRD,1993,
MLT,PAS_CRD,1993,
NLD,PAS_CRD,1993,20989607
NOR,PAS_CRD,1993,
POL,PAS_CRD,1993,
PRT,PAS_CRD,1993,8206870
ROU,PAS_CRD,1993,
RS,PAS_CRD,1993,
SWE,PAS_CRD,1993,1013272
SVN,PAS_CRD,1993,
SVK,PAS_CRD,1993,
GBR,PAS_CRD,1993,86372686
